Workbook

Sheet README
A1: GPO Community Value List Template (Google Sheets-ready)
A3: What this workbook does
A4: - Maintain a master item list in the Items sheet. - Collect community trade reports in Trade_Reports. - Items auto-calculates values using APPROVED trades within windows set in Settings. - Weighted median uses Effective_Weight (trust + recency + proof).
A6: Quick start
A7: 1) Add items on Items (columns A–E). Leave F–L to calculate. 2) Add trade reports on Trade_Reports (row 3+). Verify proof, then set Approved_Status = APPROVED. 3) Check Items for Final_Value_Point, Trend, Confidence, Sample_Size. 4) Need more rows? Copy the last row down (Items up to 300, Trade_Reports up to 500).
A9: Change log
A10: Fixed demanded 5.0
A11: 5.1 -changed file to google sheet

Sheet Test for bot
A1: 2026-01-31T19:06:25.058Z | B1: hello from discord bot
A2: 2026-01-31T19:23:01.226Z | B2: hello from discord bot
A3: 2026-01-31T19:48:02.679Z | B3: hello from discord bot

Sheet Settings
A1: Settings
A3: Value windows (days)
A4: Window_7d | B4: 30
A5: Window_30d | B5: 60
A7: Recency multipliers (by age in days) | E7: Trust level multipliers
A8: Age <= | B8: 3 | C8: 2 | E8: New | F8: 0.5
A9: Age <= | B9: 7 | C9: 1.5 | E9: Regular | F9: 1
A10: Age <= | B10: 14 | C10: 1.25 | E10: Trusted | F10: 1.5
A11: Age <= | B11: 30 | C11: 0.7 | E11: Flagged | F11: 0
A12: Else | C12: 0.6
A14: Minimum sample size for auto-value | B14: 1
A16: Proof multiplier when Proof_URL missing | B16: 1 | C16: WIP
A18: Trend threshold (relative change) | B18: 0.05

Sheet Lists
A1: Categories | B1: Rarity_Tier | C1: Unit_Anchor | D1: Trend | E1: Publish | F1: Approved_Status | G1: Trust_Level | H1: Demand_Level
A2: Fruit | B2: Common | C2: POINT | D2: UP | E2: YES | F2: PENDING | G2: New | H2: LOW
A3: Weapon | B3: Uncommon | D3: STABLE | E3: NO | F3: APPROVED | G3: Regular | H3: MID
A4: Armor | B4: Rare | D4: DOWN | F4: REJECTED | G4: Trusted | H4: HIGH
A5: Accessory | B5: Epic | G5: Flagged
A6: Currency | B6: Legendary
A7: Ship | B7: Mythic
A8: Misc | B8: Limited
B9: Event

Sheet Items
A1: ITEMS
A2: Item_ID | B2: Item_Name | C2: Category | D2: Rarity/Tier | E2: Unit_Anchor | F2: Final_Value_Point | G2: Value_Low | H2: Value_High | I2: Trend | J2: Confidence_% | K2: Sample_Size | L2: Last_Updated | M2: Publish? | N2: Notes | O2: Demand | P2: TotalWeight_7d | Q2: TotalWeight_30d | R2: WM_30d | S2: Sample_30d | T2: Min_7d | U2: Max_7d | V2: Avg_Demand | W2: Demand_Line
A3: FRUIT_GOMU | B3: Gomu | C3: Fruit | D3: Legendary | E3: POINT | F3: =IF($A3="","",IF($K3<Settings!$B$14,"",IF($P3=0,"",IFERROR(_xludf.MINIFS(Trade_Reports!$I$3:$I$502,Trade_Reports!$H$3:$H$502,$A3,Trade_Reports!$M$3:$M$502,"APPROVED",Trade_Reports!$Q$3:$Q$502,"<="&Settings!$B$4,Trade_Reports!$W$3:$W$502,">="&0.5*$P3),"")))) | G3: =IF($A3="","",IF($K3=0,"",IFERROR(_xludf.MINIFS(Trade_Reports!$I$3:$I$502,Trade_Reports!$H$3:$H$502,$A3,Trade_Reports!$M$3:$M$502,"APPROVED",Trade_Reports!$Q$3:$Q$502,"<="&Settings!$B$4),""))) | H3: =IF($A3="","",IF($K3=0,"",IFERROR(_xludf.MAXIFS(Trade_Reports!$I$3:$I$502,Trade_Reports!$H$3:$H$502,$A3,Trade_Reports!$M$3:$M$502,"APPROVED",Trade_Reports!$Q$3:$Q$502,"<="&Settings!$B$4),""))) | I3: =IF($A3="","",IF($F3="","",IF($Q3="","",IF(ABS($F3-$Q3)/$Q3<=Settings!$B$18,"STABLE",IF($F3>$Q3,"UP","DOWN"))))) | J3: =IF($A3="","",IF($K3=0,"",MIN(1,ROUND($K3/Settings!$B$14,2)))) -> 1 | K3: =IF($A3="","",COUNTIFS(Trade_Reports!$H$3:$H$502,$A3,Trade_Reports!$M$3:$M$502,"APPROVED",Trade_Reports!$Q$3:$Q$502,"<="&Settings!$B$4)) -> 2 | L3: =IF($A3="","",IF($K3=0,"",IFERROR(_xludf.MAXIFS(Trade_Reports!$O$3:$O$502,Trade_Reports!$H$3:$H$502,$A3,Trade_Reports!$M$3:$M$502,"APPROVED"),""))) | M3: NO | O3: =IF(OR($A3="",ISERROR(SEARCH("_",$A3))),"", $W3) -> LOW | P3: =IF($A3="","",SUMIFS(Trade_Reports!$U$3:$U$502,Trade_Reports!$H$3:$H$502,$A3,Trade_Reports!$M$3:$M$502,"APPROVED",Trade_Reports!$Q$3:$Q$502,"<="&Settings!$B$4)) -> 2.1 | Q3: =IF($A3="","",SUMIFS(Trade_Reports!$U$3:$U$502,Trade_Reports!$H$3:$H$502,$A3,Trade_Reports!$M$3:$M$502,"APPROVED",Trade_Reports!$Q$3:$Q$502,"<="&Settings!$B$5)) -> 3.9 | R3: =IF($A3="","",IF($Q3=0,"",IFERROR(_xludf.MINIFS(Trade_Reports!$I$3:$I$502,Trade_Reports!$H$3:$H$502,$A3,Trade_Reports!$M$3:$M$502,"APPROVED",Trade_Reports!$Q$3:$Q$502,"<="&Settings!$B$5,Trade_Reports!$X$3:$X$502,">="&0.5*$Q3),""))) | S3: =IF($A3="","",COUNTIFS(Trade_Reports!$H$3:$H$502,$A3,Trade_Reports!$M$3:$M$502,"APPROVED",Trade_Reports!$Q$3:$Q$502,"<="&Settings!$B$5)) -> 4 | V3: =IF(OR($A3="",ISERROR(SEARCH("_",$A3))),"",IFERROR(SUMIFS(Trade_Reports!$Z$3:$Z$502,Trade_Reports!$H$3:$H$502,$A3,Trade_Reports!$M$3:$M$502,"APPROVED")/SUMIFS(Trade_Reports!$U$3:$U$502,Trade_Reports!$H$3:$H$502,$A3,Trade_Reports!$M$3:$M$502,"APPROVED"),"")) -> 0.80769231 | W3: =IF($V3="","",IF($V3<1.75,"LOW",IF($V3<2.5,"MID","HIGH"))) -> LOW
A4: WEAPON_BISENTO | B4: Bisento | C4: Weapon | D4: Mythic | E4: POINT | F4: =IF($A4="","",IF($K4<Settings!$B$14,"",IF($P4=0,"",IFERROR(_xludf.MINIFS(Trade_Reports!$I$3:$I$502,Trade_Reports!$H$3:$H$502,$A4,Trade_Reports!$M$3:$M$502,"APPROVED",Trade_Reports!$Q$3:$Q$502,"<="&Settings!$B$4,Trade_Reports!$W$3:$W$502,">="&0.5*$P4),"")))) | G4: =IF($A4="","",IF($K4=0,"",IFERROR(_xludf.MINIFS(Trade_Reports!$I$3:$I$502,Trade_Reports!$H$3:$H$502,$A4,Trade_Reports!$M$3:$M$502,"APPROVED",Trade_Reports!$Q$3:$Q$502,"<="&Settings!$B$4),""))) | H4: =IF($A4="","",IF($K4=0,"",IFERROR(_xludf.MAXIFS(Trade_Reports!$I$3:$I$502,Trade_Reports!$H$3:$H$502,$A4,Trade_Reports!$M$3:$M$502,"APPROVED",Trade_Reports!$Q$3:$Q$502,"<="&Settings!$B$4),""))) | I4: =IF($A4="","",IF($F4="","",IF($Q4="","",IF(ABS($F4-$Q4)/$Q4<=Settings!$B$18,"STABLE",IF($F4>$Q4,"UP","DOWN"))))) | J4: =IF($A4="","",IF($K4=0,"",MIN(1,ROUND($K4/Settings!$B$14,2)))) -> 1 | K4: =IF($A4="","",COUNTIFS(Trade_Reports!$H$3:$H$502,$A4,Trade_Reports!$M$3:$M$502,"APPROVED",Trade_Reports!$Q$3:$Q$502,"<="&Settings!$B$4)) -> 1 | L4: =IF($A4="","",IF($K4=0,"",IFERROR(_xludf.MAXIFS(Trade_Reports!$O$3:$O$502,Trade_Reports!$H$3:$H$502,$A4,Trade_Reports!$M$3:$M$502,"APPROVED"),""))) | M4: NO | O4: =IF(OR($A4="",ISERROR(SEARCH("_",$A4))),"", $W4) -> HIGH | P4: =IF($A4="","",SUMIFS(Trade_Reports!$U$3:$U$502,Trade_Reports!$H$3:$H$502,$A4,Trade_Reports!$M$3:$M$502,"APPROVED",Trade_Reports!$Q$3:$Q$502,"<="&Settings!$B$4)) -> 1.05 | Q4: =IF($A4="","",SUMIFS(Trade_Reports!$U$3:$U$502,Trade_Reports!$H$3:$H$502,$A4,Trade_Reports!$M$3:$M$502,"APPROVED",Trade_Reports!$Q$3:$Q$502,"<="&Settings!$B$5)) -> 1.95 | R4: =IF($A4="","",IF($Q4=0,"",IFERROR(_xludf.MINIFS(Trade_Reports!$I$3:$I$502,Trade_Reports!$H$3:$H$502,$A4,Trade_Reports!$M$3:$M$502,"APPROVED",Trade_Reports!$Q$3:$Q$502,"<="&Settings!$B$5,Trade_Reports!$X$3:$X$502,">="&0.5*$Q4),""))) | S4: =IF($A4="","",COUNTIFS(Trade_Reports!$H$3:$H$502,$A4,Trade_Reports!$M$3:$M$502,"APPROVED",Trade_Reports!$Q$3:$Q$502,"<="&Settings!$B$5)) -> 2 | V4: =IF(OR($A4="",ISERROR(SEARCH("_",$A4))),"",IFERROR(SUMIFS(Trade_Reports!$Z$3:$Z$502,Trade_Reports!$H$3:$H$502,$A4,Trade_Reports!$M$3:$M$502,"APPROVED")/SUMIFS(Trade_Reports!$U$3:$U$502,Trade_Reports!$H$3:$H$502,$A4,Trade_Reports!$M$3:$M$502,"APPROVED"),"")) -> 3 | W4: =IF($V4="","",IF($V4<1.75,"LOW",IF($V4<2.5,"MID","HIGH"))) -> HIGH
A5: Fruits | F5: =IF($A5="","",IF($K5<Settings!$B$14,"",IF($P5=0,"",IFERROR(_xludf.MINIFS(Trade_Reports!$I$3:$I$502,Trade_Reports!$H$3:$H$502,$A5,Trade_Reports!$M$3:$M$502,"APPROVED",Trade_Reports!$Q$3:$Q$502,"<="&Settings!$B$4,Trade_Reports!$W$3:$W$502,">="&0.5*$P5),"")))) | G5: =IF($A5="","",IF($K5=0,"",IFERROR(_xludf.MINIFS(Trade_Reports!$I$3:$I$502,Trade_Reports!$H$3:$H$502,$A5,Trade_Reports!$M$3:$M$502,"APPROVED",Trade_Reports!$Q$3:$Q$502,"<="&Settings!$B$4),""))) | H5: =IF($A5="","",IF($K5=0,"",IFERROR(_xludf.MAXIFS(Trade_Reports!$I$3:$I$502,Trade_Reports!$H$3:$H$502,$A5,Trade_Reports!$M$3:$M$502,"APPROVED",Trade_Reports!$Q$3:$Q$502,"<="&Settings!$B$4),""))) | I5: =IF($A5="","",IF($F5="","",IF($Q5="","",IF(ABS($F5-$Q5)/$Q5<=Settings!$B$18,"STABLE",IF($F5>$Q5,"UP","DOWN"))))) | J5: =IF($A5="","",IF($K5=0,"",MIN(1,ROUND($K5/Settings!$B$14,2)))) | K5: =IF($A5="","",COUNTIFS(Trade_Reports!$H$3:$H$502,$A5,Trade_Reports!$M$3:$M$502,"APPROVED",Trade_Reports!$Q$3:$Q$502,"<="&Settings!$B$4)) -> 0 | L5: =IF($A5="","",IF($K5=0,"",IFERROR(_xludf.MAXIFS(Trade_Reports!$O$3:$O$502,Trade_Reports!$H$3:$H$502,$A5,Trade_Reports!$M$3:$M$502,"APPROVED"),""))) | M5: NO | O5: =IF(OR($A5="",ISERROR(SEARCH("_",$A5))),"", $W5) | P5: =IF($A5="","",SUMIFS(Trade_Reports!$U$3:$U$502,Trade_Reports!$H$3:$H$502,$A5,Trade_Reports!$M$3:$M$502,"APPROVED",Trade_Reports!$Q$3:$Q$502,"<="&Settings!$B$4)) -> 0 | Q5: =IF($A5="","",SUMIFS(Trade_Reports!$U$3:$U$502,Trade_Reports!$H$3:$H$502,$A5,Trade_Reports!$M$3:$M$502,"APPROVED",Trade_Reports!$Q$3:$Q$502,"<="&Settings!$B$5)) -> 0 | R5: =IF($A5="","",IF($Q5=0,"",IFERROR(_xludf.MINIFS(Trade_Reports!$I$3:$I$502,Trade_Reports!$H$3:$H$502,$A5,Trade_Reports!$M$3:$M$502,"APPROVED",Trade_Reports!$Q$3:$Q$502,"<="&Settings!$B$5,Trade_Reports!$X$3:$X$502,">="&0.5*$Q5),""))) | S5: =IF($A5="","",COUNTIFS(Trade_Reports!$H$3:$H$502,$A5,Trade_Reports!$M$3:$M$502,"APPROVED",Trade_Reports!$Q$3:$Q$502,"<="&Settings!$B$5)) -> 0 | V5: =IF(OR($A5="",ISERROR(SEARCH("_",$A5))),"",IFERROR(SUMIFS(Trade_Reports!$Z$3:$Z$502,Trade_Reports!$H$3:$H$502,$A5,Trade_Reports!$M$3:$M$502,"APPROVED")/SUMIFS(Trade_Reports!$U$3:$U$502,Trade_Reports!$H$3:$H$502,$A5,Trade_Reports!$M$3:$M$502,"APPROVED"),"")) | W5: =IF($V5="","",IF($V5<1.75,"LOW",IF($V5<2.5,"MID","HIGH")))
A6: FRUIT_ITO | F6: =IF($A6="","",IF($K6<Settings!$B$14,"",IF($P6=0,"",IFERROR(_xludf.MINIFS(Trade_Reports!$I$3:$I$502,Trade_Reports!$H$3:$H$502,$A6,Trade_Reports!$M$3:$M$502,"APPROVED",Trade_Reports!$Q$3:$Q$502,"<="&Settings!$B$4,Trade_Reports!$W$3:$W$502,">="&0.5*$P6),"")))) | G6: =IF($A6="","",IF($K6=0,"",IFERROR(_xludf.MINIFS(Trade_Reports!$I$3:$I$502,Trade_Reports!$H$3:$H$502,$A6,Trade_Reports!$M$3:$M$502,"APPROVED",Trade_Reports!$Q$3:$Q$502,"<="&Settings!$B$4),""))) | H6: =IF($A6="","",IF($K6=0,"",IFERROR(_xludf.MAXIFS(Trade_Reports!$I$3:$I$502,Trade_Reports!$H$3:$H$502,$A6,Trade_Reports!$M$3:$M$502,"APPROVED",Trade_Reports!$Q$3:$Q$502,"<="&Settings!$B$4),""))) | I6: =IF($A6="","",IF($F6="","",IF($Q6="","",IF(ABS($F6-$Q6)/$Q6<=Settings!$B$18,"STABLE",IF($F6>$Q6,"UP","DOWN"))))) | J6: =IF($A6="","",IF($K6=0,"",MIN(1,ROUND($K6/Settings!$B$14,2)))) | K6: =IF($A6="","",COUNTIFS(Trade_Reports!$H$3:$H$502,$A6,Trade_Reports!$M$3:$M$502,"APPROVED",Trade_Reports!$Q$3:$Q$502,"<="&Settings!$B$4)) -> 0 | L6: =IF($A6="","",IF($K6=0,"",IFERROR(_xludf.MAXIFS(Trade_Reports!$O$3:$O$502,Trade_Reports!$H$3:$H$502,$A6,Trade_Reports!$M$3:$M$502,"APPROVED"),""))) | M6: NO | O6: =IF(OR($A6="",ISERROR(SEARCH("_",$A6))),"", $W6) | P6: =IF($A6="","",SUMIFS(Trade_Reports!$U$3:$U$502,Trade_Reports!$H$3:$H$502,$A6,Trade_Reports!$M$3:$M$502,"APPROVED",Trade_Reports!$Q$3:$Q$502,"<="&Settings!$B$4)) -> 0 | Q6: =IF($A6="","",SUMIFS(Trade_Reports!$U$3:$U$502,Trade_Reports!$H$3:$H$502,$A6,Trade_Reports!$M$3:$M$502,"APPROVED",Trade_Reports!$Q$3:$Q$502,"<="&Settings!$B$5)) -> 0 | R6: =IF($A6="","",IF($Q6=0,"",IFERROR(_xludf.MINIFS(Trade_Reports!$I$3:$I$502,Trade_Reports!$H$3:$H$502,$A6,Trade_Reports!$M$3:$M$502,"APPROVED",Trade_Reports!$Q$3:$Q$502,"<="&Settings!$B$5,Trade_Reports!$X$3:$X$502,">="&0.5*$Q6),""))) | S6: =IF($A6="","",COUNTIFS(Trade_Reports!$H$3:$H$502,$A6,Trade_Reports!$M$3:$M$502,"APPROVED",Trade_Reports!$Q$3:$Q$502,"<="&Settings!$B$5)) -> 0 | V6: =IF(OR($A6="",ISERROR(SEARCH("_",$A6))),"",IFERROR(SUMIFS(Trade_Reports!$Z$3:$Z$502,Trade_Reports!$H$3:$H$502,$A6,Trade_Reports!$M$3:$M$502,"APPROVED")/SUMIFS(Trade_Reports!$U$3:$U$502,Trade_Reports!$H$3:$H$502,$A6,Trade_Reports!$M$3:$M$502,"APPROVED"),"")) | W6: =IF($V6="","",IF($V6<1.75,"LOW",IF($V6<2.5,"MID","HIGH")))
A7: FRUIT_PAW | F7: =IF($A7="","",IF($K7<Settings!$B$14,"",IF($P7=0,"",IFERROR(_xludf.MINIFS(Trade_Reports!$I$3:$I$502,Trade_Reports!$H$3:$H$502,$A7,Trade_Reports!$M$3:$M$502,"APPROVED",Trade_Reports!$Q$3:$Q$502,"<="&Settings!$B$4,Trade_Reports!$W$3:$W$502,">="&0.5*$P7),"")))) | G7: =IF($A7="","",IF($K7=0,"",IFERROR(_xludf.MINIFS(Trade_Reports!$I$3:$I$502,Trade_Reports!$H$3:$H$502,$A7,Trade_Reports!$M$3:$M$502,"APPROVED",Trade_Reports!$Q$3:$Q$502,"<="&Settings!$B$4),""))) | H7: =IF($A7="","",IF($K7=0,"",IFERROR(_xludf.MAXIFS(Trade_Reports!$I$3:$I$502,Trade_Reports!$H$3:$H$502,$A7,Trade_Reports!$M$3:$M$502,"APPROVED",Trade_Reports!$Q$3:$Q$502,"<="&Settings!$B$4),""))) | I7: =IF($A7="","",IF($F7="","",IF($Q7="","",IF(ABS($F7-$Q7)/$Q7<=Settings!$B$18,"STABLE",IF($F7>$Q7,"UP","DOWN"))))) | J7: =IF($A7="","",IF($K7=0,"",MIN(1,ROUND($K7/Settings!$B$14,2)))) | K7: =IF($A7="","",COUNTIFS(Trade_Reports!$H$3:$H$502,$A7,Trade_Reports!$M$3:$M$502,"APPROVED",Trade_Reports!$Q$3:$Q$502,"<="&Settings!$B$4)) -> 0 | L7: =IF($A7="","",IF($K7=0,"",IFERROR(_xludf.MAXIFS(Trade_Reports!$O$3:$O$502,Trade_Reports!$H$3:$H$502,$A7,Trade_Reports!$M$3:$M$502,"APPROVED"),""))) | M7: NO | O7: =IF(OR($A7="",ISERROR(SEARCH("_",$A7))),"", $W7) | P7: =IF($A7="","",SUMIFS(Trade_Reports!$U$3:$U$502,Trade_Reports!$H$3:$H$502,$A7,Trade_Reports!$M$3:$M$502,"APPROVED",Trade_Reports!$Q$3:$Q$502,"<="&Settings!$B$4)) -> 0 | Q7: =IF($A7="","",SUMIFS(Trade_Reports!$U$3:$U$502,Trade_Reports!$H$3:$H$502,$A7,Trade_Reports!$M$3:$M$502,"APPROVED",Trade_Reports!$Q$3:$Q$502,"<="&Settings!$B$5)) -> 0 | R7: =IF($A7="","",IF($Q7=0,"",IFERROR(_xludf.MINIFS(Trade_Reports!$I$3:$I$502,Trade_Reports!$H$3:$H$502,$A7,Trade_Reports!$M$3:$M$502,"APPROVED",Trade_Reports!$Q$3:$Q$502,"<="&Settings!$B$5,Trade_Reports!$X$3:$X$502,">="&0.5*$Q7),""))) | S7: =IF($A7="","",COUNTIFS(Trade_Reports!$H$3:$H$502,$A7,Trade_Reports!$M$3:$M$502,"APPROVED",Trade_Reports!$Q$3:$Q$502,"<="&Settings!$B$5)) -> 0 | V7: =IF(OR($A7="",ISERROR(SEARCH("_",$A7))),"",IFERROR(SUMIFS(Trade_Reports!$Z$3:$Z$502,Trade_Reports!$H$3:$H$502,$A7,Trade_Reports!$M$3:$M$502,"APPROVED")/SUMIFS(Trade_Reports!$U$3:$U$502,Trade_Reports!$H$3:$H$502,$A7,Trade_Reports!$M$3:$M$502,"APPROVED"),"")) | W7: =IF($V7="","",IF($V7<1.75,"LOW",IF($V7<2.5,"MID","HIGH")))
A8: FRUIT_KAGE | F8: =IF($A8="","",IF($K8<Settings!$B$14,"",IF($P8=0,"",IFERROR(_xludf.MINIFS(Trade_Reports!$I$3:$I$502,Trade_Reports!$H$3:$H$502,$A8,Trade_Reports!$M$3:$M$502,"APPROVED",Trade_Reports!$Q$3:$Q$502,"<="&Settings!$B$4,Trade_Reports!$W$3:$W$502,">="&0.5*$P8),"")))) | G8: =IF($A8="","",IF($K8=0,"",IFERROR(_xludf.MINIFS(Trade_Reports!$I$3:$I$502,Trade_Reports!$H$3:$H$502,$A8,Trade_Reports!$M$3:$M$502,"APPROVED",Trade_Reports!$Q$3:$Q$502,"<="&Settings!$B$4),""))) | H8: =IF($A8="","",IF($K8=0,"",IFERROR(_xludf.MAXIFS(Trade_Reports!$I$3:$I$502,Trade_Reports!$H$3:$H$502,$A8,Trade_Reports!$M$3:$M$502,"APPROVED",Trade_Reports!$Q$3:$Q$502,"<="&Settings!$B$4),""))) | I8: =IF($A8="","",IF($F8="","",IF($Q8="","",IF(ABS($F8-$Q8)/$Q8<=Settings!$B$18,"STABLE",IF($F8>$Q8,"UP","DOWN"))))) | J8: =IF($A8="","",IF($K8=0,"",MIN(1,ROUND($K8/Settings!$B$14,2)))) | K8: =IF($A8="","",COUNTIFS(Trade_Reports!$H$3:$H$502,$A8,Trade_Reports!$M$3:$M$502,"APPROVED",Trade_Reports!$Q$3:$Q$502,"<="&Settings!$B$4)) -> 0 | L8: =IF($A8="","",IF($K8=0,"",IFERROR(_xludf.MAXIFS(Trade_Reports!$O$3:$O$502,Trade_Reports!$H$3:$H$502,$A8,Trade_Reports!$M$3:$M$502,"APPROVED"),""))) | M8: NO | O8: =IF(OR($A8="",ISERROR(SEARCH("_",$A8))),"", $W8) | P8: =IF($A8="","",SUMIFS(Trade_Reports!$U$3:$U$502,Trade_Reports!$H$3:$H$502,$A8,Trade_Reports!$M$3:$M$502,"APPROVED",Trade_Reports!$Q$3:$Q$502,"<="&Settings!$B$4)) -> 0 | Q8: =IF($A8="","",SUMIFS(Trade_Reports!$U$3:$U$502,Trade_Reports!$H$3:$H$502,$A8,Trade_Reports!$M$3:$M$502,"APPROVED",Trade_Reports!$Q$3:$Q$502,"<="&Settings!$B$5)) -> 0 | R8: =IF($A8="","",IF($Q8=0,"",IFERROR(_xludf.MINIFS(Trade_Reports!$I$3:$I$502,Trade_Reports!$H$3:$H$502,$A8,Trade_Reports!$M$3:$M$502,"APPROVED",Trade_Reports!$Q$3:$Q$502,"<="&Settings!$B$5,Trade_Reports!$X$3:$X$502,">="&0.5*$Q8),""))) | S8: =IF($A8="","",COUNTIFS(Trade_Reports!$H$3:$H$502,$A8,Trade_Reports!$M$3:$M$502,"APPROVED",Trade_Reports!$Q$3:$Q$502,"<="&Settings!$B$5)) -> 0 | V8: =IF(OR($A8="",ISERROR(SEARCH("_",$A8))),"",IFERROR(SUMIFS(Trade_Reports!$Z$3:$Z$502,Trade_Reports!$H$3:$H$502,$A8,Trade_Reports!$M$3:$M$502,"APPROVED")/SUMIFS(Trade_Reports!$U$3:$U$502,Trade_Reports!$H$3:$H$502,$A8,Trade_Reports!$M$3:$M$502,"APPROVED"),"")) | W8: =IF($V8="","",IF($V8<1.75,"LOW",IF($V8<2.5,"MID","HIGH")))
A9: FRUIT_GURA | F9: =IF($A9="","",IF($K9<Settings!$B$14,"",IF($P9=0,"",IFERROR(_xludf.MINIFS(Trade_Reports!$I$3:$I$502,Trade_Reports!$H$3:$H$502,$A9,Trade_Reports!$M$3:$M$502,"APPROVED",Trade_Reports!$Q$3:$Q$502,"<="&Settings!$B$4,Trade_Reports!$W$3:$W$502,">="&0.5*$P9),"")))) | G9: =IF($A9="","",IF($K9=0,"",IFERROR(_xludf.MINIFS(Trade_Reports!$I$3:$I$502,Trade_Reports!$H$3:$H$502,$A9,Trade_Reports!$M$3:$M$502,"APPROVED",Trade_Reports!$Q$3:$Q$502,"<="&Settings!$B$4),""))) | H9: =IF($A9="","",IF($K9=0,"",IFERROR(_xludf.MAXIFS(Trade_Reports!$I$3:$I$502,Trade_Reports!$H$3:$H$502,$A9,Trade_Reports!$M$3:$M$502,"APPROVED",Trade_Reports!$Q$3:$Q$502,"<="&Settings!$B$4),""))) | I9: =IF($A9="","",IF($F9="","",IF($Q9="","",IF(ABS($F9-$Q9)/$Q9<=Settings!$B$18,"STABLE",IF($F9>$Q9,"UP","DOWN"))))) | J9: =IF($A9="","",IF($K9=0,"",MIN(1,ROUND($K9/Settings!$B$14,2)))) | K9: =IF($A9="","",COUNTIFS(Trade_Reports!$H$3:$H$502,$A9,Trade_Reports!$M$3:$M$502,"APPROVED",Trade_Reports!$Q$3:$Q$502,"<="&Settings!$B$4)) -> 0 | L9: =IF($A9="","",IF($K9=0,"",IFERROR(_xludf.MAXIFS(Trade_Reports!$O$3:$O$502,Trade_Reports!$H$3:$H$502,$A9,Trade_Reports!$M$3:$M$502,"APPROVED"),""))) | M9: NO | O9: =IF(OR($A9="",ISERROR(SEARCH("_",$A9))),"", $W9) | P9: =IF($A9="","",SUMIFS(Trade_Reports!$U$3:$U$502,Trade_Reports!$H$3:$H$502,$A9,Trade_Reports!$M$3:$M$502,"APPROVED",Trade_Reports!$Q$3:$Q$502,"<="&Settings!$B$4)) -> 0 | Q9: =IF($A9="","",SUMIFS(Trade_Reports!$U$3:$U$502,Trade_Reports!$H$3:$H$502,$A9,Trade_Reports!$M$3:$M$502,"APPROVED",Trade_Reports!$Q$3:$Q$502,"<="&Settings!$B$5)) -> 0 | R9: =IF($A9="","",IF($Q9=0,"",IFERROR(_xludf.MINIFS(Trade_Reports!$I$3:$I$502,Trade_Reports!$H$3:$H$502,$A9,Trade_Reports!$M$3:$M$502,"APPROVED",Trade_Reports!$Q$3:$Q$502,"<="&Settings!$B$5,Trade_Reports!$X$3:$X$502,">="&0.5*$Q9),""))) | S9: =IF($A9="","",COUNTIFS(Trade_Reports!$H$3:$H$502,$A9,Trade_Reports!$M$3:$M$502,"APPROVED",Trade_Reports!$Q$3:$Q$502,"<="&Settings!$B$5)) -> 0 | V9: =IF(OR($A9="",ISERROR(SEARCH("_",$A9))),"",IFERROR(SUMIFS(Trade_Reports!$Z$3:$Z$502,Trade_Reports!$H$3:$H$502,$A9,Trade_Reports!$M$3:$M$502,"APPROVED")/SUMIFS(Trade_Reports!$U$3:$U$502,Trade_Reports!$H$3:$H$502,$A9,Trade_Reports!$M$3:$M$502,"APPROVED"),"")) | W9: =IF($V9="","",IF($V9<1.75,"LOW",IF($V9<2.5,"MID","HIGH")))
A10: FRUIT_GORO | F10: =IF($A10="","",IF($K10<Settings!$B$14,"",IF($P10=0,"",IFERROR(_xludf.MINIFS(Trade_Reports!$I$3:$I$502,Trade_Reports!$H$3:$H$502,$A10,Trade_Reports!$M$3:$M$502,"APPROVED",Trade_Reports!$Q$3:$Q$502,"<="&Settings!$B$4,Trade_Reports!$W$3:$W$502,">="&0.5*$P10),"")))) | G10: =IF($A10="","",IF($K10=0,"",IFERROR(_xludf.MINIFS(Trade_Reports!$I$3:$I$502,Trade_Reports!$H$3:$H$502,$A10,Trade_Reports!$M$3:$M$502,"APPROVED",Trade_Reports!$Q$3:$Q$502,"<="&Settings!$B$4),""))) | H10: =IF($A10="","",IF($K10=0,"",IFERROR(_xludf.MAXIFS(Trade_Reports!$I$3:$I$502,Trade_Reports!$H$3:$H$502,$A10,Trade_Reports!$M$3:$M$502,"APPROVED",Trade_Reports!$Q$3:$Q$502,"<="&Settings!$B$4),""))) | I10: =IF($A10="","",IF($F10="","",IF($Q10="","",IF(ABS($F10-$Q10)/$Q10<=Settings!$B$18,"STABLE",IF($F10>$Q10,"UP","DOWN"))))) | J10: =IF($A10="","",IF($K10=0,"",MIN(1,ROUND($K10/Settings!$B$14,2)))) | K10: =IF($A10="","",COUNTIFS(Trade_Reports!$H$3:$H$502,$A10,Trade_Reports!$M$3:$M$502,"APPROVED",Trade_Reports!$Q$3:$Q$502,"<="&Settings!$B$4)) -> 0 | L10: =IF($A10="","",IF($K10=0,"",IFERROR(_xludf.MAXIFS(Trade_Reports!$O$3:$O$502,Trade_Reports!$H$3:$H$502,$A10,Trade_Reports!$M$3:$M$502,"APPROVED"),""))) | M10: NO | O10: =IF(OR($A10="",ISERROR(SEARCH("_",$A10))),"", $W10) | P10: =IF($A10="","",SUMIFS(Trade_Reports!$U$3:$U$502,Trade_Reports!$H$3:$H$502,$A10,Trade_Reports!$M$3:$M$502,"APPROVED",Trade_Reports!$Q$3:$Q$502,"<="&Settings!$B$4)) -> 0 | Q10: =IF($A10="","",SUMIFS(Trade_Reports!$U$3:$U$502,Trade_Reports!$H$3:$H$502,$A10,Trade_Reports!$M$3:$M$502,"APPROVED",Trade_Reports!$Q$3:$Q$502,"<="&Settings!$B$5)) -> 0 | R10: =IF($A10="","",IF($Q10=0,"",IFERROR(_xludf.MINIFS(Trade_Reports!$I$3:$I$502,Trade_Reports!$H$3:$H$502,$A10,Trade_Reports!$M$3:$M$502,"APPROVED",Trade_Reports!$Q$3:$Q$502,"<="&Settings!$B$5,Trade_Reports!$X$3:$X$502,">="&0.5*$Q10),""))) | S10: =IF($A10="","",COUNTIFS(Trade_Reports!$H$3:$H$502,$A10,Trade_Reports!$M$3:$M$502,"APPROVED",Trade_Reports!$Q$3:$Q$502,"<="&Settings!$B$5)) -> 0 | V10: =IF(OR($A10="",ISERROR(SEARCH("_",$A10))),"",IFERROR(SUMIFS(Trade_Reports!$Z$3:$Z$502,Trade_Reports!$H$3:$H$502,$A10,Trade_Reports!$M$3:$M$502,"APPROVED")/SUMIFS(Trade_Reports!$U$3:$U$502,Trade_Reports!$H$3:$H$502,$A10,Trade_Reports!$M$3:$M$502,"APPROVED"),"")) | W10: =IF($V10="","",IF($V10<1.75,"LOW",IF($V10<2.5,"MID","HIGH")))
A11: FRUIT_YAMI | F11: =IF($A11="","",IF($K11<Settings!$B$14,"",IF($P11=0,"",IFERROR(_xludf.MINIFS(Trade_Reports!$I$3:$I$502,Trade_Reports!$H$3:$H$502,$A11,Trade_Reports!$M$3:$M$502,"APPROVED",Trade_Reports!$Q$3:$Q$502,"<="&Settings!$B$4,Trade_Reports!$W$3:$W$502,">="&0.5*$P11),"")))) | G11: =IF($A11="","",IF($K11=0,"",IFERROR(_xludf.MINIFS(Trade_Reports!$I$3:$I$502,Trade_Reports!$H$3:$H$502,$A11,Trade_Reports!$M$3:$M$502,"APPROVED",Trade_Reports!$Q$3:$Q$502,"<="&Settings!$B$4),""))) | H11: =IF($A11="","",IF($K11=0,"",IFERROR(_xludf.MAXIFS(Trade_Reports!$I$3:$I$502,Trade_Reports!$H$3:$H$502,$A11,Trade_Reports!$M$3:$M$502,"APPROVED",Trade_Reports!$Q$3:$Q$502,"<="&Settings!$B$4),""))) | I11: =IF($A11="","",IF($F11="","",IF($Q11="","",IF(ABS($F11-$Q11)/$Q11<=Settings!$B$18,"STABLE",IF($F11>$Q11,"UP","DOWN"))))) | J11: =IF($A11="","",IF($K11=0,"",MIN(1,ROUND($K11/Settings!$B$14,2)))) | K11: =IF($A11="","",COUNTIFS(Trade_Reports!$H$3:$H$502,$A11,Trade_Reports!$M$3:$M$502,"APPROVED",Trade_Reports!$Q$3:$Q$502,"<="&Settings!$B$4)) -> 0 | L11: =IF($A11="","",IF($K11=0,"",IFERROR(_xludf.MAXIFS(Trade_Reports!$O$3:$O$502,Trade_Reports!$H$3:$H$502,$A11,Trade_Reports!$M$3:$M$502,"APPROVED"),""))) | M11: NO | O11: =IF(OR($A11="",ISERROR(SEARCH("_",$A11))),"", $W11) | P11: =IF($A11="","",SUMIFS(Trade_Reports!$U$3:$U$502,Trade_Reports!$H$3:$H$502,$A11,Trade_Reports!$M$3:$M$502,"APPROVED",Trade_Reports!$Q$3:$Q$502,"<="&Settings!$B$4)) -> 0 | Q11: =IF($A11="","",SUMIFS(Trade_Reports!$U$3:$U$502,Trade_Reports!$H$3:$H$502,$A11,Trade_Reports!$M$3:$M$502,"APPROVED",Trade_Reports!$Q$3:$Q$502,"<="&Settings!$B$5)) -> 0 | R11: =IF($A11="","",IF($Q11=0,"",IFERROR(_xludf.MINIFS(Trade_Reports!$I$3:$I$502,Trade_Reports!$H$3:$H$502,$A11,Trade_Reports!$M$3:$M$502,"APPROVED",Trade_Reports!$Q$3:$Q$502,"<="&Settings!$B$5,Trade_Reports!$X$3:$X$502,">="&0.5*$Q11),""))) | S11: =IF($A11="","",COUNTIFS(Trade_Reports!$H$3:$H$502,$A11,Trade_Reports!$M$3:$M$502,"APPROVED",Trade_Reports!$Q$3:$Q$502,"<="&Settings!$B$5)) -> 0 | V11: =IF(OR($A11="",ISERROR(SEARCH("_",$A11))),"",IFERROR(SUMIFS(Trade_Reports!$Z$3:$Z$502,Trade_Reports!$H$3:$H$502,$A11,Trade_Reports!$M$3:$M$502,"APPROVED")/SUMIFS(Trade_Reports!$U$3:$U$502,Trade_Reports!$H$3:$H$502,$A11,Trade_Reports!$M$3:$M$502,"APPROVED"),"")) | W11: =IF($V11="","",IF($V11<1.75,"LOW",IF($V11<2.5,"MID","HIGH")))
A12: FRUIT_ZUZHI | F12: =IF($A12="","",IF($K12<Settings!$B$14,"",IF($P12=0,"",IFERROR(_xludf.MINIFS(Trade_Reports!$I$3:$I$502,Trade_Reports!$H$3:$H$502,$A12,Trade_Reports!$M$3:$M$502,"APPROVED",Trade_Reports!$Q$3:$Q$502,"<="&Settings!$B$4,Trade_Reports!$W$3:$W$502,">="&0.5*$P12),"")))) | G12: =IF($A12="","",IF($K12=0,"",IFERROR(_xludf.MINIFS(Trade_Reports!$I$3:$I$502,Trade_Reports!$H$3:$H$502,$A12,Trade_Reports!$M$3:$M$502,"APPROVED",Trade_Reports!$Q$3:$Q$502,"<="&Settings!$B$4),""))) | H12: =IF($A12="","",IF($K12=0,"",IFERROR(_xludf.MAXIFS(Trade_Reports!$I$3:$I$502,Trade_Reports!$H$3:$H$502,$A12,Trade_Reports!$M$3:$M$502,"APPROVED",Trade_Reports!$Q$3:$Q$502,"<="&Settings!$B$4),""))) | I12: =IF($A12="","",IF($F12="","",IF($Q12="","",IF(ABS($F12-$Q12)/$Q12<=Settings!$B$18,"STABLE",IF($F12>$Q12,"UP","DOWN"))))) | J12: =IF($A12="","",IF($K12=0,"",MIN(1,ROUND($K12/Settings!$B$14,2)))) | K12: =IF($A12="","",COUNTIFS(Trade_Reports!$H$3:$H$502,$A12,Trade_Reports!$M$3:$M$502,"APPROVED",Trade_Reports!$Q$3:$Q$502,"<="&Settings!$B$4)) -> 0 | L12: =IF($A12="","",IF($K12=0,"",IFERROR(_xludf.MAXIFS(Trade_Reports!$O$3:$O$502,Trade_Reports!$H$3:$H$502,$A12,Trade_Reports!$M$3:$M$502,"APPROVED"),""))) | M12: NO | O12: =IF(OR($A12="",ISERROR(SEARCH("_",$A12))),"", $W12) | P12: =IF($A12="","",SUMIFS(Trade_Reports!$U$3:$U$502,Trade_Reports!$H$3:$H$502,$A12,Trade_Reports!$M$3:$M$502,"APPROVED",Trade_Reports!$Q$3:$Q$502,"<="&Settings!$B$4)) -> 0 | Q12: =IF($A12="","",SUMIFS(Trade_Reports!$U$3:$U$502,Trade_Reports!$H$3:$H$502,$A12,Trade_Reports!$M$3:$M$502,"APPROVED",Trade_Reports!$Q$3:$Q$502,"<="&Settings!$B$5)) -> 0 | R12: =IF($A12="","",IF($Q12=0,"",IFERROR(_xludf.MINIFS(Trade_Reports!$I$3:$I$502,Trade_Reports!$H$3:$H$502,$A12,Trade_Reports!$M$3:$M$502,"APPROVED",Trade_Reports!$Q$3:$Q$502,"<="&Settings!$B$5,Trade_Reports!$X$3:$X$502,">="&0.5*$Q12),""))) | S12: =IF($A12="","",COUNTIFS(Trade_Reports!$H$3:$H$502,$A12,Trade_Reports!$M$3:$M$502,"APPROVED",Trade_Reports!$Q$3:$Q$502,"<="&Settings!$B$5)) -> 0 | V12: =IF(OR($A12="",ISERROR(SEARCH("_",$A12))),"",IFERROR(SUMIFS(Trade_Reports!$Z$3:$Z$502,Trade_Reports!$H$3:$H$502,$A12,Trade_Reports!$M$3:$M$502,"APPROVED")/SUMIFS(Trade_Reports!$U$3:$U$502,Trade_Reports!$H$3:$H$502,$A12,Trade_Reports!$M$3:$M$502,"APPROVED"),"")) | W12: =IF($V12="","",IF($V12<1.75,"LOW",IF($V12<2.5,"MID","HIGH")))
A13: FRUIT_HIE | F13: =IF($A13="","",IF($K13<Settings!$B$14,"",IF($P13=0,"",IFERROR(_xludf.MINIFS(Trade_Reports!$I$3:$I$502,Trade_Reports!$H$3:$H$502,$A13,Trade_Reports!$M$3:$M$502,"APPROVED",Trade_Reports!$Q$3:$Q$502,"<="&Settings!$B$4,Trade_Reports!$W$3:$W$502,">="&0.5*$P13),"")))) | G13: =IF($A13="","",IF($K13=0,"",IFERROR(_xludf.MINIFS(Trade_Reports!$I$3:$I$502,Trade_Reports!$H$3:$H$502,$A13,Trade_Reports!$M$3:$M$502,"APPROVED",Trade_Reports!$Q$3:$Q$502,"<="&Settings!$B$4),""))) | H13: =IF($A13="","",IF($K13=0,"",IFERROR(_xludf.MAXIFS(Trade_Reports!$I$3:$I$502,Trade_Reports!$H$3:$H$502,$A13,Trade_Reports!$M$3:$M$502,"APPROVED",Trade_Reports!$Q$3:$Q$502,"<="&Settings!$B$4),""))) | I13: =IF($A13="","",IF($F13="","",IF($Q13="","",IF(ABS($F13-$Q13)/$Q13<=Settings!$B$18,"STABLE",IF($F13>$Q13,"UP","DOWN"))))) | J13: =IF($A13="","",IF($K13=0,"",MIN(1,ROUND($K13/Settings!$B$14,2)))) | K13: =IF($A13="","",COUNTIFS(Trade_Reports!$H$3:$H$502,$A13,Trade_Reports!$M$3:$M$502,"APPROVED",Trade_Reports!$Q$3:$Q$502,"<="&Settings!$B$4)) -> 0 | L13: =IF($A13="","",IF($K13=0,"",IFERROR(_xludf.MAXIFS(Trade_Reports!$O$3:$O$502,Trade_Reports!$H$3:$H$502,$A13,Trade_Reports!$M$3:$M$502,"APPROVED"),""))) | M13: NO | O13: =IF(OR($A13="",ISERROR(SEARCH("_",$A13))),"", $W13) | P13: =IF($A13="","",SUMIFS(Trade_Reports!$U$3:$U$502,Trade_Reports!$H$3:$H$502,$A13,Trade_Reports!$M$3:$M$502,"APPROVED",Trade_Reports!$Q$3:$Q$502,"<="&Settings!$B$4)) -> 0 | Q13: =IF($A13="","",SUMIFS(Trade_Reports!$U$3:$U$502,Trade_Reports!$H$3:$H$502,$A13,Trade_Reports!$M$3:$M$502,"APPROVED",Trade_Reports!$Q$3:$Q$502,"<="&Settings!$B$5)) -> 0 | R13: =IF($A13="","",IF($Q13=0,"",IFERROR(_xludf.MINIFS(Trade_Reports!$I$3:$I$502,Trade_Reports!$H$3:$H$502,$A13,Trade_Reports!$M$3:$M$502,"APPROVED",Trade_Reports!$Q$3:$Q$502,"<="&Settings!$B$5,Trade_Reports!$X$3:$X$502,">="&0.5*$Q13),""))) | S13: =IF($A13="","",COUNTIFS(Trade_Reports!$H$3:$H$502,$A13,Trade_Reports!$M$3:$M$502,"APPROVED",Trade_Reports!$Q$3:$Q$502,"<="&Settings!$B$5)) -> 0 | V13: =IF(OR($A13="",ISERROR(SEARCH("_",$A13))),"",IFERROR(SUMIFS(Trade_Reports!$Z$3:$Z$502,Trade_Reports!$H$3:$H$502,$A13,Trade_Reports!$M$3:$M$502,"APPROVED")/SUMIFS(Trade_Reports!$U$3:$U$502,Trade_Reports!$H$3:$H$502,$A13,Trade_Reports!$M$3:$M$502,"APPROVED"),"")) | W13: =IF($V13="","",IF($V13<1.75,"LOW",IF($V13<2.5,"MID","HIGH")))
A14: FRUIT_SUNA | F14: =IF($A14="","",IF($K14<Settings!$B$14,"",IF($P14=0,"",IFERROR(_xludf.MINIFS(Trade_Reports!$I$3:$I$502,Trade_Reports!$H$3:$H$502,$A14,Trade_Reports!$M$3:$M$502,"APPROVED",Trade_Reports!$Q$3:$Q$502,"<="&Settings!$B$4,Trade_Reports!$W$3:$W$502,">="&0.5*$P14),"")))) | G14: =IF($A14="","",IF($K14=0,"",IFERROR(_xludf.MINIFS(Trade_Reports!$I$3:$I$502,Trade_Reports!$H$3:$H$502,$A14,Trade_Reports!$M$3:$M$502,"APPROVED",Trade_Reports!$Q$3:$Q$502,"<="&Settings!$B$4),""))) | H14: =IF($A14="","",IF($K14=0,"",IFERROR(_xludf.MAXIFS(Trade_Reports!$I$3:$I$502,Trade_Reports!$H$3:$H$502,$A14,Trade_Reports!$M$3:$M$502,"APPROVED",Trade_Reports!$Q$3:$Q$502,"<="&Settings!$B$4),""))) | I14: =IF($A14="","",IF($F14="","",IF($Q14="","",IF(ABS($F14-$Q14)/$Q14<=Settings!$B$18,"STABLE",IF($F14>$Q14,"UP","DOWN"))))) | J14: =IF($A14="","",IF($K14=0,"",MIN(1,ROUND($K14/Settings!$B$14,2)))) | K14: =IF($A14="","",COUNTIFS(Trade_Reports!$H$3:$H$502,$A14,Trade_Reports!$M$3:$M$502,"APPROVED",Trade_Reports!$Q$3:$Q$502,"<="&Settings!$B$4)) -> 0 | L14: =IF($A14="","",IF($K14=0,"",IFERROR(_xludf.MAXIFS(Trade_Reports!$O$3:$O$502,Trade_Reports!$H$3:$H$502,$A14,Trade_Reports!$M$3:$M$502,"APPROVED"),""))) | M14: NO | O14: =IF(OR($A14="",ISERROR(SEARCH("_",$A14))),"", $W14) | P14: =IF($A14="","",SUMIFS(Trade_Reports!$U$3:$U$502,Trade_Reports!$H$3:$H$502,$A14,Trade_Reports!$M$3:$M$502,"APPROVED",Trade_Reports!$Q$3:$Q$502,"<="&Settings!$B$4)) -> 0 | Q14: =IF($A14="","",SUMIFS(Trade_Reports!$U$3:$U$502,Trade_Reports!$H$3:$H$502,$A14,Trade_Reports!$M$3:$M$502,"APPROVED",Trade_Reports!$Q$3:$Q$502,"<="&Settings!$B$5)) -> 0 | R14: =IF($A14="","",IF($Q14=0,"",IFERROR(_xludf.MINIFS(Trade_Reports!$I$3:$I$502,Trade_Reports!$H$3:$H$502,$A14,Trade_Reports!$M$3:$M$502,"APPROVED",Trade_Reports!$Q$3:$Q$502,"<="&Settings!$B$5,Trade_Reports!$X$3:$X$502,">="&0.5*$Q14),""))) | S14: =IF($A14="","",COUNTIFS(Trade_Reports!$H$3:$H$502,$A14,Trade_Reports!$M$3:$M$502,"APPROVED",Trade_Reports!$Q$3:$Q$502,"<="&Settings!$B$5)) -> 0 | V14: =IF(OR($A14="",ISERROR(SEARCH("_",$A14))),"",IFERROR(SUMIFS(Trade_Reports!$Z$3:$Z$502,Trade_Reports!$H$3:$H$502,$A14,Trade_Reports!$M$3:$M$502,"APPROVED")/SUMIFS(Trade_Reports!$U$3:$U$502,Trade_Reports!$H$3:$H$502,$A14,Trade_Reports!$M$3:$M$502,"APPROVED"),"")) | W14: =IF($V14="","",IF($V14<1.75,"LOW",IF($V14<2.5,"MID","HIGH")))
A15: FRUIT_YUKI | F15: =IF($A15="","",IF($K15<Settings!$B$14,"",IF($P15=0,"",IFERROR(_xludf.MINIFS(Trade_Reports!$I$3:$I$502,Trade_Reports!$H$3:$H$502,$A15,Trade_Reports!$M$3:$M$502,"APPROVED",Trade_Reports!$Q$3:$Q$502,"<="&Settings!$B$4,Trade_Reports!$W$3:$W$502,">="&0.5*$P15),"")))) | G15: =IF($A15="","",IF($K15=0,"",IFERROR(_xludf.MINIFS(Trade_Reports!$I$3:$I$502,Trade_Reports!$H$3:$H$502,$A15,Trade_Reports!$M$3:$M$502,"APPROVED",Trade_Reports!$Q$3:$Q$502,"<="&Settings!$B$4),""))) | H15: =IF($A15="","",IF($K15=0,"",IFERROR(_xludf.MAXIFS(Trade_Reports!$I$3:$I$502,Trade_Reports!$H$3:$H$502,$A15,Trade_Reports!$M$3:$M$502,"APPROVED",Trade_Reports!$Q$3:$Q$502,"<="&Settings!$B$4),""))) | I15: =IF($A15="","",IF($F15="","",IF($Q15="","",IF(ABS($F15-$Q15)/$Q15<=Settings!$B$18,"STABLE",IF($F15>$Q15,"UP","DOWN"))))) | J15: =IF($A15="","",IF($K15=0,"",MIN(1,ROUND($K15/Settings!$B$14,2)))) | K15: =IF($A15="","",COUNTIFS(Trade_Reports!$H$3:$H$502,$A15,Trade_Reports!$M$3:$M$502,"APPROVED",Trade_Reports!$Q$3:$Q$502,"<="&Settings!$B$4)) -> 0 | L15: =IF($A15="","",IF($K15=0,"",IFERROR(_xludf.MAXIFS(Trade_Reports!$O$3:$O$502,Trade_Reports!$H$3:$H$502,$A15,Trade_Reports!$M$3:$M$502,"APPROVED"),""))) | M15: NO | O15: =IF(OR($A15="",ISERROR(SEARCH("_",$A15))),"", $W15) | P15: =IF($A15="","",SUMIFS(Trade_Reports!$U$3:$U$502,Trade_Reports!$H$3:$H$502,$A15,Trade_Reports!$M$3:$M$502,"APPROVED",Trade_Reports!$Q$3:$Q$502,"<="&Settings!$B$4)) -> 0 | Q15: =IF($A15="","",SUMIFS(Trade_Reports!$U$3:$U$502,Trade_Reports!$H$3:$H$502,$A15,Trade_Reports!$M$3:$M$502,"APPROVED",Trade_Reports!$Q$3:$Q$502,"<="&Settings!$B$5)) -> 0 | R15: =IF($A15="","",IF($Q15=0,"",IFERROR(_xludf.MINIFS(Trade_Reports!$I$3:$I$502,Trade_Reports!$H$3:$H$502,$A15,Trade_Reports!$M$3:$M$502,"APPROVED",Trade_Reports!$Q$3:$Q$502,"<="&Settings!$B$5,Trade_Reports!$X$3:$X$502,">="&0.5*$Q15),""))) | S15: =IF($A15="","",COUNTIFS(Trade_Reports!$H$3:$H$502,$A15,Trade_Reports!$M$3:$M$502,"APPROVED",Trade_Reports!$Q$3:$Q$502,"<="&Settings!$B$5)) -> 0 | V15: =IF(OR($A15="",ISERROR(SEARCH("_",$A15))),"",IFERROR(SUMIFS(Trade_Reports!$Z$3:$Z$502,Trade_Reports!$H$3:$H$502,$A15,Trade_Reports!$M$3:$M$502,"APPROVED")/SUMIFS(Trade_Reports!$U$3:$U$502,Trade_Reports!$H$3:$H$502,$A15,Trade_Reports!$M$3:$M$502,"APPROVED"),"")) | W15: =IF($V15="","",IF($V15<1.75,"LOW",IF($V15<2.5,"MID","HIGH")))
A16: FRUIT_MERA | F16: =IF($A16="","",IF($K16<Settings!$B$14,"",IF($P16=0,"",IFERROR(_xludf.MINIFS(Trade_Reports!$I$3:$I$502,Trade_Reports!$H$3:$H$502,$A16,Trade_Reports!$M$3:$M$502,"APPROVED",Trade_Reports!$Q$3:$Q$502,"<="&Settings!$B$4,Trade_Reports!$W$3:$W$502,">="&0.5*$P16),"")))) | G16: =IF($A16="","",IF($K16=0,"",IFERROR(_xludf.MINIFS(Trade_Reports!$I$3:$I$502,Trade_Reports!$H$3:$H$502,$A16,Trade_Reports!$M$3:$M$502,"APPROVED",Trade_Reports!$Q$3:$Q$502,"<="&Settings!$B$4),""))) | H16: =IF($A16="","",IF($K16=0,"",IFERROR(_xludf.MAXIFS(Trade_Reports!$I$3:$I$502,Trade_Reports!$H$3:$H$502,$A16,Trade_Reports!$M$3:$M$502,"APPROVED",Trade_Reports!$Q$3:$Q$502,"<="&Settings!$B$4),""))) | I16: =IF($A16="","",IF($F16="","",IF($Q16="","",IF(ABS($F16-$Q16)/$Q16<=Settings!$B$18,"STABLE",IF($F16>$Q16,"UP","DOWN"))))) | J16: =IF($A16="","",IF($K16=0,"",MIN(1,ROUND($K16/Settings!$B$14,2)))) | K16: =IF($A16="","",COUNTIFS(Trade_Reports!$H$3:$H$502,$A16,Trade_Reports!$M$3:$M$502,"APPROVED",Trade_Reports!$Q$3:$Q$502,"<="&Settings!$B$4)) -> 0 | L16: =IF($A16="","",IF($K16=0,"",IFERROR(_xludf.MAXIFS(Trade_Reports!$O$3:$O$502,Trade_Reports!$H$3:$H$502,$A16,Trade_Reports!$M$3:$M$502,"APPROVED"),""))) | M16: NO | O16: =IF(OR($A16="",ISERROR(SEARCH("_",$A16))),"", $W16) | P16: =IF($A16="","",SUMIFS(Trade_Reports!$U$3:$U$502,Trade_Reports!$H$3:$H$502,$A16,Trade_Reports!$M$3:$M$502,"APPROVED",Trade_Reports!$Q$3:$Q$502,"<="&Settings!$B$4)) -> 0 | Q16: =IF($A16="","",SUMIFS(Trade_Reports!$U$3:$U$502,Trade_Reports!$H$3:$H$502,$A16,Trade_Reports!$M$3:$M$502,"APPROVED",Trade_Reports!$Q$3:$Q$502,"<="&Settings!$B$5)) -> 0 | R16: =IF($A16="","",IF($Q16=0,"",IFERROR(_xludf.MINIFS(Trade_Reports!$I$3:$I$502,Trade_Reports!$H$3:$H$502,$A16,Trade_Reports!$M$3:$M$502,"APPROVED",Trade_Reports!$Q$3:$Q$502,"<="&Settings!$B$5,Trade_Reports!$X$3:$X$502,">="&0.5*$Q16),""))) | S16: =IF($A16="","",COUNTIFS(Trade_Reports!$H$3:$H$502,$A16,Trade_Reports!$M$3:$M$502,"APPROVED",Trade_Reports!$Q$3:$Q$502,"<="&Settings!$B$5)) -> 0 | V16: =IF(OR($A16="",ISERROR(SEARCH("_",$A16))),"",IFERROR(SUMIFS(Trade_Reports!$Z$3:$Z$502,Trade_Reports!$H$3:$H$502,$A16,Trade_Reports!$M$3:$M$502,"APPROVED")/SUMIFS(Trade_Reports!$U$3:$U$502,Trade_Reports!$H$3:$H$502,$A16,Trade_Reports!$M$3:$M$502,"APPROVED"),"")) | W16: =IF($V16="","",IF($V16<1.75,"LOW",IF($V16<2.5,"MID","HIGH")))
... A28: FRUIT_DRAGON | F28: =IF($A28="","",IF($K28<Settings!$B$14,"",IF($P28=0,"",IFERROR(_xludf.MINIFS(Trade_Reports!$I$3:$I$502,Trade_Reports!$H$3:$H$502,$A28,Trade_Reports!$M$3:$M$502,"APPROVED",Trade_Reports!$Q$3:$Q$502,"<="&Settings!$B$4,Trade_Reports!$W$3:$W$502,">="&0.5*$P28),"")))) | G28: =IF($A28="","",IF($K28=0,"",IFERROR(_xludf.MINIFS(Trade_Reports!$I$3:$I$502,Trade_Reports!$H$3:$H$502,$A28,Trade_Reports!$M$3:$M$502,"APPROVED",Trade_Reports!$Q$3:$Q$502,"<="&Settings!$B$4),""))) | H28: =IF($A28="","",IF($K28=0,"",IFERROR(_xludf.MAXIFS(Trade_Reports!$I$3:$I$502,Trade_Reports!$H$3:$H$502,$A28,Trade_Reports!$M$3:$M$502,"APPROVED",Trade_Reports!$Q$3:$Q$502,"<="&Settings!$B$4),""))) | I28: =IF($A28="","",IF($F28="","",IF($Q28="","",IF(ABS($F28-$Q28)/$Q28<=Settings!$B$18,"STABLE",IF($F28>$Q28,"UP","DOWN"))))) | J28: =IF($A28="","",IF($K28=0,"",MIN(1,ROUND($K28/Settings!$B$14,2)))) | K28: =IF($A28="","",COUNTIFS(Trade_Reports!$H$3:$H$502,$A28,Trade_Reports!$M$3:$M$502,"APPROVED",Trade_Reports!$Q$3:$Q$502,"<="&Settings!$B$4)) -> 0 | L28: =IF($A28="","",IF($K28=0,"",IFERROR(_xludf.MAXIFS(Trade_Reports!$O$3:$O$502,Trade_Reports!$H$3:$H$502,$A28,Trade_Reports!$M$3:$M$502,"APPROVED"),""))) | M28: NO | O28: =IF(OR($A28="",ISERROR(SEARCH("_",$A28))),"", $W28) | P28: =IF($A28="","",SUMIFS(Trade_Reports!$U$3:$U$502,Trade_Reports!$H$3:$H$502,$A28,Trade_Reports!$M$3:$M$502,"APPROVED",Trade_Reports!$Q$3:$Q$502,"<="&Settings!$B$4)) -> 0 | Q28: =IF($A28="","",SUMIFS(Trade_Reports!$U$3:$U$502,Trade_Reports!$H$3:$H$502,$A28,Trade_Reports!$M$3:$M$502,"APPROVED",Trade_Reports!$Q$3:$Q$502,"<="&Settings!$B$5)) -> 0 | R28: =IF($A28="","",IF($Q28=0,"",IFERROR(_xludf.MINIFS(Trade_Reports!$I$3:$I$502,Trade_Reports!$H$3:$H$502,$A28,Trade_Reports!$M$3:$M$502,"APPROVED",Trade_Reports!$Q$3:$Q$502,"<="&Settings!$B$5,Trade_Reports!$X$3:$X$502,">="&0.5*$Q28),""))) | S28: =IF($A28="","",COUNTIFS(Trade_Reports!$H$3:$H$502,$A28,Trade_Reports!$M$3:$M$502,"APPROVED",Trade_Reports!$Q$3:$Q$502,"<="&Settings!$B$5)) -> 0 | V28: =IF(OR($A28="",ISERROR(SEARCH("_",$A28))),"",IFERROR(SUMIFS(Trade_Reports!$Z$3:$Z$502,Trade_Reports!$H$3:$H$502,$A28,Trade_Reports!$M$3:$M$502,"APPROVED")/SUMIFS(Trade_Reports!$U$3:$U$502,Trade_Reports!$H$3:$H$502,$A28,Trade_Reports!$M$3:$M$502,"APPROVED"),"")) | W28: =IF($V28="","",IF($V28<1.75,"LOW",IF($V28<2.5,"MID","HIGH")))
F29: =IF($A29="","",IF($K29<Settings!$B$14,"",IF($P29=0,"",IFERROR(_xludf.MINIFS(Trade_Reports!$I$3:$I$502,Trade_Reports!$H$3:$H$502,$A29,Trade_Reports!$M$3:$M$502,"APPROVED",Trade_Reports!$Q$3:$Q$502,"<="&Settings!$B$4,Trade_Reports!$W$3:$W$502,">="&0.5*$P29),"")))) | G29: =IF($A29="","",IF($K29=0,"",IFERROR(_xludf.MINIFS(Trade_Reports!$I$3:$I$502,Trade_Reports!$H$3:$H$502,$A29,Trade_Reports!$M$3:$M$502,"APPROVED",Trade_Reports!$Q$3:$Q$502,"<="&Settings!$B$4),""))) | H29: =IF($A29="","",IF($K29=0,"",IFERROR(_xludf.MAXIFS(Trade_Reports!$I$3:$I$502,Trade_Reports!$H$3:$H$502,$A29,Trade_Reports!$M$3:$M$502,"APPROVED",Trade_Reports!$Q$3:$Q$502,"<="&Settings!$B$4),""))) | I29: =IF($A29="","",IF($F29="","",IF($Q29="","",IF(ABS($F29-$Q29)/$Q29<=Settings!$B$18,"STABLE",IF($F29>$Q29,"UP","DOWN"))))) | J29: =IF($A29="","",IF($K29=0,"",MIN(1,ROUND($K29/Settings!$B$14,2)))) | K29: =IF($A29="","",COUNTIFS(Trade_Reports!$H$3:$H$502,$A29,Trade_Reports!$M$3:$M$502,"APPROVED",Trade_Reports!$Q$3:$Q$502,"<="&Settings!$B$4)) | L29: =IF($A29="","",IF($K29=0,"",IFERROR(_xludf.MAXIFS(Trade_Reports!$O$3:$O$502,Trade_Reports!$H$3:$H$502,$A29,Trade_Reports!$M$3:$M$502,"APPROVED"),""))) | M29: NO | O29: =IF(OR($A29="",ISERROR(SEARCH("_",$A29))),"", $W29) | P29: =IF($A29="","",SUMIFS(Trade_Reports!$U$3:$U$502,Trade_Reports!$H$3:$H$502,$A29,Trade_Reports!$M$3:$M$502,"APPROVED",Trade_Reports!$Q$3:$Q$502,"<="&Settings!$B$4)) | Q29: =IF($A29="","",SUMIFS(Trade_Reports!$U$3:$U$502,Trade_Reports!$H$3:$H$502,$A29,Trade_Reports!$M$3:$M$502,"APPROVED",Trade_Reports!$Q$3:$Q$502,"<="&Settings!$B$5)) | R29: =IF($A29="","",IF($Q29=0,"",IFERROR(_xludf.MINIFS(Trade_Reports!$I$3:$I$502,Trade_Reports!$H$3:$H$502,$A29,Trade_Reports!$M$3:$M$502,"APPROVED",Trade_Reports!$Q$3:$Q$502,"<="&Settings!$B$5,Trade_Reports!$X$3:$X$502,">="&0.5*$Q29),""))) | S29: =IF($A29="","",COUNTIFS(Trade_Reports!$H$3:$H$502,$A29,Trade_Reports!$M$3:$M$502,"APPROVED",Trade_Reports!$Q$3:$Q$502,"<="&Settings!$B$5)) | V29: =IF(OR($A29="",ISERROR(SEARCH("_",$A29))),"",IFERROR(SUMIFS(Trade_Reports!$Z$3:$Z$502,Trade_Reports!$H$3:$H$502,$A29,Trade_Reports!$M$3:$M$502,"APPROVED")/SUMIFS(Trade_Reports!$U$3:$U$502,Trade_Reports!$H$3:$H$502,$A29,Trade_Reports!$M$3:$M$502,"APPROVED"),"")) | W29: =IF($V29="","",IF($V29<1.75,"LOW",IF($V29<2.5,"MID","HIGH")))
F30: =IF($A30="","",IF($K30<Settings!$B$14,"",IF($P30=0,"",IFERROR(_xludf.MINIFS(Trade_Reports!$I$3:$I$502,Trade_Reports!$H$3:$H$502,$A30,Trade_Reports!$M$3:$M$502,"APPROVED",Trade_Reports!$Q$3:$Q$502,"<="&Settings!$B$4,Trade_Reports!$W$3:$W$502,">="&0.5*$P30),"")))) | G30: =IF($A30="","",IF($K30=0,"",IFERROR(_xludf.MINIFS(Trade_Reports!$I$3:$I$502,Trade_Reports!$H$3:$H$502,$A30,Trade_Reports!$M$3:$M$502,"APPROVED",Trade_Reports!$Q$3:$Q$502,"<="&Settings!$B$4),""))) | H30: =IF($A30="","",IF($K30=0,"",IFERROR(_xludf.MAXIFS(Trade_Reports!$I$3:$I$502,Trade_Reports!$H$3:$H$502,$A30,Trade_Reports!$M$3:$M$502,"APPROVED",Trade_Reports!$Q$3:$Q$502,"<="&Settings!$B$4),""))) | I30: =IF($A30="","",IF($F30="","",IF($Q30="","",IF(ABS($F30-$Q30)/$Q30<=Settings!$B$18,"STABLE",IF($F30>$Q30,"UP","DOWN"))))) | J30: =IF($A30="","",IF($K30=0,"",MIN(1,ROUND($K30/Settings!$B$14,2)))) | K30: =IF($A30="","",COUNTIFS(Trade_Reports!$H$3:$H$502,$A30,Trade_Reports!$M$3:$M$502,"APPROVED",Trade_Reports!$Q$3:$Q$502,"<="&Settings!$B$4)) | L30: =IF($A30="","",IF($K30=0,"",IFERROR(_xludf.MAXIFS(Trade_Reports!$O$3:$O$502,Trade_Reports!$H$3:$H$502,$A30,Trade_Reports!$M$3:$M$502,"APPROVED"),""))) | M30: NO | O30: =IF(OR($A30="",ISERROR(SEARCH("_",$A30))),"", $W30) | P30: =IF($A30="","",SUMIFS(Trade_Reports!$U$3:$U$502,Trade_Reports!$H$3:$H$502,$A30,Trade_Reports!$M$3:$M$502,"APPROVED",Trade_Reports!$Q$3:$Q$502,"<="&Settings!$B$4)) | Q30: =IF($A30="","",SUMIFS(Trade_Reports!$U$3:$U$502,Trade_Reports!$H$3:$H$502,$A30,Trade_Reports!$M$3:$M$502,"APPROVED",Trade_Reports!$Q$3:$Q$502,"<="&Settings!$B$5)) | R30: =IF($A30="","",IF($Q30=0,"",IFERROR(_xludf.MINIFS(Trade_Reports!$I$3:$I$502,Trade_Reports!$H$3:$H$502,$A30,Trade_Reports!$M$3:$M$502,"APPROVED",Trade_Reports!$Q$3:$Q$502,"<="&Settings!$B$5,Trade_Reports!$X$3:$X$502,">="&0.5*$Q30),""))) | S30: =IF($A30="","",COUNTIFS(Trade_Reports!$H$3:$H$502,$A30,Trade_Reports!$M$3:$M$502,"APPROVED",Trade_Reports!$Q$3:$Q$502,"<="&Settings!$B$5)) | V30: =IF(OR($A30="",ISERROR(SEARCH("_",$A30))),"",IFERROR(SUMIFS(Trade_Reports!$Z$3:$Z$502,Trade_Reports!$H$3:$H$502,$A30,Trade_Reports!$M$3:$M$502,"APPROVED")/SUMIFS(Trade_Reports!$U$3:$U$502,Trade_Reports!$H$3:$H$502,$A30,Trade_Reports!$M$3:$M$502,"APPROVED"),"")) | W30: =IF($V30="","",IF($V30<1.75,"LOW",IF($V30<2.5,"MID","HIGH")))
F31: =IF($A31="","",IF($K31<Settings!$B$14,"",IF($P31=0,"",IFERROR(_xludf.MINIFS(Trade_Reports!$I$3:$I$502,Trade_Reports!$H$3:$H$502,$A31,Trade_Reports!$M$3:$M$502,"APPROVED",Trade_Reports!$Q$3:$Q$502,"<="&Settings!$B$4,Trade_Reports!$W$3:$W$502,">="&0.5*$P31),"")))) | G31: =IF($A31="","",IF($K31=0,"",IFERROR(_xludf.MINIFS(Trade_Reports!$I$3:$I$502,Trade_Reports!$H$3:$H$502,$A31,Trade_Reports!$M$3:$M$502,"APPROVED",Trade_Reports!$Q$3:$Q$502,"<="&Settings!$B$4),""))) | H31: =IF($A31="","",IF($K31=0,"",IFERROR(_xludf.MAXIFS(Trade_Reports!$I$3:$I$502,Trade_Reports!$H$3:$H$502,$A31,Trade_Reports!$M$3:$M$502,"APPROVED",Trade_Reports!$Q$3:$Q$502,"<="&Settings!$B$4),""))) | I31: =IF($A31="","",IF($F31="","",IF($Q31="","",IF(ABS($F31-$Q31)/$Q31<=Settings!$B$18,"STABLE",IF($F31>$Q31,"UP","DOWN"))))) | J31: =IF($A31="","",IF($K31=0,"",MIN(1,ROUND($K31/Settings!$B$14,2)))) | K31: =IF($A31="","",COUNTIFS(Trade_Reports!$H$3:$H$502,$A31,Trade_Reports!$M$3:$M$502,"APPROVED",Trade_Reports!$Q$3:$Q$502,"<="&Settings!$B$4)) | L31: =IF($A31="","",IF($K31=0,"",IFERROR(_xludf.MAXIFS(Trade_Reports!$O$3:$O$502,Trade_Reports!$H$3:$H$502,$A31,Trade_Reports!$M$3:$M$502,"APPROVED"),""))) | M31: NO | O31: =IF(OR($A31="",ISERROR(SEARCH("_",$A31))),"", $W31) | P31: =IF($A31="","",SUMIFS(Trade_Reports!$U$3:$U$502,Trade_Reports!$H$3:$H$502,$A31,Trade_Reports!$M$3:$M$502,"APPROVED",Trade_Reports!$Q$3:$Q$502,"<="&Settings!$B$4)) | Q31: =IF($A31="","",SUMIFS(Trade_Reports!$U$3:$U$502,Trade_Reports!$H$3:$H$502,$A31,Trade_Reports!$M$3:$M$502,"APPROVED",Trade_Reports!$Q$3:$Q$502,"<="&Settings!$B$5)) | R31: =IF($A31="","",IF($Q31=0,"",IFERROR(_xludf.MINIFS(Trade_Reports!$I$3:$I$502,Trade_Reports!$H$3:$H$502,$A31,Trade_Reports!$M$3:$M$502,"APPROVED",Trade_Reports!$Q$3:$Q$502,"<="&Settings!$B$5,Trade_Reports!$X$3:$X$502,">="&0.5*$Q31),""))) | S31: =IF($A31="","",COUNTIFS(Trade_Reports!$H$3:$H$502,$A31,Trade_Reports!$M$3:$M$502,"APPROVED",Trade_Reports!$Q$3:$Q$502,"<="&Settings!$B$5)) | V31: =IF(OR($A31="",ISERROR(SEARCH("_",$A31))),"",IFERROR(SUMIFS(Trade_Reports!$Z$3:$Z$502,Trade_Reports!$H$3:$H$502,$A31,Trade_Reports!$M$3:$M$502,"APPROVED")/SUMIFS(Trade_Reports!$U$3:$U$502,Trade_Reports!$H$3:$H$502,$A31,Trade_Reports!$M$3:$M$502,"APPROVED"),"")) | W31: =IF($V31="","",IF($V31<1.75,"LOW",IF($V31<2.5,"MID","HIGH")))
F32: =IF($A32="","",IF($K32<Settings!$B$14,"",IF($P32=0,"",IFERROR(_xludf.MINIFS(Trade_Reports!$I$3:$I$502,Trade_Reports!$H$3:$H$502,$A32,Trade_Reports!$M$3:$M$502,"APPROVED",Trade_Reports!$Q$3:$Q$502,"<="&Settings!$B$4,Trade_Reports!$W$3:$W$502,">="&0.5*$P32),"")))) | G32: =IF($A32="","",IF($K32=0,"",IFERROR(_xludf.MINIFS(Trade_Reports!$I$3:$I$502,Trade_Reports!$H$3:$H$502,$A32,Trade_Reports!$M$3:$M$502,"APPROVED",Trade_Reports!$Q$3:$Q$502,"<="&Settings!$B$4),""))) | H32: =IF($A32="","",IF($K32=0,"",IFERROR(_xludf.MAXIFS(Trade_Reports!$I$3:$I$502,Trade_Reports!$H$3:$H$502,$A32,Trade_Reports!$M$3:$M$502,"APPROVED",Trade_Reports!$Q$3:$Q$502,"<="&Settings!$B$4),""))) | I32: =IF($A32="","",IF($F32="","",IF($Q32="","",IF(ABS($F32-$Q32)/$Q32<=Settings!$B$18,"STABLE",IF($F32>$Q32,"UP","DOWN"))))) | J32: =IF($A32="","",IF($K32=0,"",MIN(1,ROUND($K32/Settings!$B$14,2)))) | K32: =IF($A32="","",COUNTIFS(Trade_Reports!$H$3:$H$502,$A32,Trade_Reports!$M$3:$M$502,"APPROVED",Trade_Reports!$Q$3:$Q$502,"<="&Settings!$B$4)) | L32: =IF($A32="","",IF($K32=0,"",IFERROR(_xludf.MAXIFS(Trade_Reports!$O$3:$O$502,Trade_Reports!$H$3:$H$502,$A32,Trade_Reports!$M$3:$M$502,"APPROVED"),""))) | M32: NO | O32: =IF(OR($A32="",ISERROR(SEARCH("_",$A32))),"", $W32) | P32: =IF($A32="","",SUMIFS(Trade_Reports!$U$3:$U$502,Trade_Reports!$H$3:$H$502,$A32,Trade_Reports!$M$3:$M$502,"APPROVED",Trade_Reports!$Q$3:$Q$502,"<="&Settings!$B$4)) | Q32: =IF($A32="","",SUMIFS(Trade_Reports!$U$3:$U$502,Trade_Reports!$H$3:$H$502,$A32,Trade_Reports!$M$3:$M$502,"APPROVED",Trade_Reports!$Q$3:$Q$502,"<="&Settings!$B$5)) | R32: =IF($A32="","",IF($Q32=0,"",IFERROR(_xludf.MINIFS(Trade_Reports!$I$3:$I$502,Trade_Reports!$H$3:$H$502,$A32,Trade_Reports!$M$3:$M$502,"APPROVED",Trade_Reports!$Q$3:$Q$502,"<="&Settings!$B$5,Trade_Reports!$X$3:$X$502,">="&0.5*$Q32),""))) | S32: =IF($A32="","",COUNTIFS(Trade_Reports!$H$3:$H$502,$A32,Trade_Reports!$M$3:$M$502,"APPROVED",Trade_Reports!$Q$3:$Q$502,"<="&Settings!$B$5)) | V32: =IF(OR($A32="",ISERROR(SEARCH("_",$A32))),"",IFERROR(SUMIFS(Trade_Reports!$Z$3:$Z$502,Trade_Reports!$H$3:$H$502,$A32,Trade_Reports!$M$3:$M$502,"APPROVED")/SUMIFS(Trade_Reports!$U$3:$U$502,Trade_Reports!$H$3:$H$502,$A32,Trade_Reports!$M$3:$M$502,"APPROVED"),"")) | W32: =IF($V32="","",IF($V32<1.75,"LOW",IF($V32<2.5,"MID","HIGH")))
F33: =IF($A33="","",IF($K33<Settings!$B$14,"",IF($P33=0,"",IFERROR(_xludf.MINIFS(Trade_Reports!$I$3:$I$502,Trade_Reports!$H$3:$H$502,$A33,Trade_Reports!$M$3:$M$502,"APPROVED",Trade_Reports!$Q$3:$Q$502,"<="&Settings!$B$4,Trade_Reports!$W$3:$W$502,">="&0.5*$P33),"")))) | G33: =IF($A33="","",IF($K33=0,"",IFERROR(_xludf.MINIFS(Trade_Reports!$I$3:$I$502,Trade_Reports!$H$3:$H$502,$A33,Trade_Reports!$M$3:$M$502,"APPROVED",Trade_Reports!$Q$3:$Q$502,"<="&Settings!$B$4),""))) | H33: =IF($A33="","",IF($K33=0,"",IFERROR(_xludf.MAXIFS(Trade_Reports!$I$3:$I$502,Trade_Reports!$H$3:$H$502,$A33,Trade_Reports!$M$3:$M$502,"APPROVED",Trade_Reports!$Q$3:$Q$502,"<="&Settings!$B$4),""))) | I33: =IF($A33="","",IF($F33="","",IF($Q33="","",IF(ABS($F33-$Q33)/$Q33<=Settings!$B$18,"STABLE",IF($F33>$Q33,"UP","DOWN"))))) | J33: =IF($A33="","",IF($K33=0,"",MIN(1,ROUND($K33/Settings!$B$14,2)))) | K33: =IF($A33="","",COUNTIFS(Trade_Reports!$H$3:$H$502,$A33,Trade_Reports!$M$3:$M$502,"APPROVED",Trade_Reports!$Q$3:$Q$502,"<="&Settings!$B$4)) | L33: =IF($A33="","",IF($K33=0,"",IFERROR(_xludf.MAXIFS(Trade_Reports!$O$3:$O$502,Trade_Reports!$H$3:$H$502,$A33,Trade_Reports!$M$3:$M$502,"APPROVED"),""))) | M33: NO | O33: =IF(OR($A33="",ISERROR(SEARCH("_",$A33))),"", $W33) | P33: =IF($A33="","",SUMIFS(Trade_Reports!$U$3:$U$502,Trade_Reports!$H$3:$H$502,$A33,Trade_Reports!$M$3:$M$502,"APPROVED",Trade_Reports!$Q$3:$Q$502,"<="&Settings!$B$4)) | Q33: =IF($A33="","",SUMIFS(Trade_Reports!$U$3:$U$502,Trade_Reports!$H$3:$H$502,$A33,Trade_Reports!$M$3:$M$502,"APPROVED",Trade_Reports!$Q$3:$Q$502,"<="&Settings!$B$5)) | R33: =IF($A33="","",IF($Q33=0,"",IFERROR(_xludf.MINIFS(Trade_Reports!$I$3:$I$502,Trade_Reports!$H$3:$H$502,$A33,Trade_Reports!$M$3:$M$502,"APPROVED",Trade_Reports!$Q$3:$Q$502,"<="&Settings!$B$5,Trade_Reports!$X$3:$X$502,">="&0.5*$Q33),""))) | S33: =IF($A33="","",COUNTIFS(Trade_Reports!$H$3:$H$502,$A33,Trade_Reports!$M$3:$M$502,"APPROVED",Trade_Reports!$Q$3:$Q$502,"<="&Settings!$B$5)) | V33: =IF(OR($A33="",ISERROR(SEARCH("_",$A33))),"",IFERROR(SUMIFS(Trade_Reports!$Z$3:$Z$502,Trade_Reports!$H$3:$H$502,$A33,Trade_Reports!$M$3:$M$502,"APPROVED")/SUMIFS(Trade_Reports!$U$3:$U$502,Trade_Reports!$H$3:$H$502,$A33,Trade_Reports!$M$3:$M$502,"APPROVED"),"")) | W33: =IF($V33="","",IF($V33<1.75,"LOW",IF($V33<2.5,"MID","HIGH")))
F34: =IF($A34="","",IF($K34<Settings!$B$14,"",IF($P34=0,"",IFERROR(_xludf.MINIFS(Trade_Reports!$I$3:$I$502,Trade_Reports!$H$3:$H$502,$A34,Trade_Reports!$M$3:$M$502,"APPROVED",Trade_Reports!$Q$3:$Q$502,"<="&Settings!$B$4,Trade_Reports!$W$3:$W$502,">="&0.5*$P34),"")))) | G34: =IF($A34="","",IF($K34=0,"",IFERROR(_xludf.MINIFS(Trade_Reports!$I$3:$I$502,Trade_Reports!$H$3:$H$502,$A34,Trade_Reports!$M$3:$M$502,"APPROVED",Trade_Reports!$Q$3:$Q$502,"<="&Settings!$B$4),""))) | H34: =IF($A34="","",IF($K34=0,"",IFERROR(_xludf.MAXIFS(Trade_Reports!$I$3:$I$502,Trade_Reports!$H$3:$H$502,$A34,Trade_Reports!$M$3:$M$502,"APPROVED",Trade_Reports!$Q$3:$Q$502,"<="&Settings!$B$4),""))) | I34: =IF($A34="","",IF($F34="","",IF($Q34="","",IF(ABS($F34-$Q34)/$Q34<=Settings!$B$18,"STABLE",IF($F34>$Q34,"UP","DOWN"))))) | J34: =IF($A34="","",IF($K34=0,"",MIN(1,ROUND($K34/Settings!$B$14,2)))) | K34: =IF($A34="","",COUNTIFS(Trade_Reports!$H$3:$H$502,$A34,Trade_Reports!$M$3:$M$502,"APPROVED",Trade_Reports!$Q$3:$Q$502,"<="&Settings!$B$4)) | L34: =IF($A34="","",IF($K34=0,"",IFERROR(_xludf.MAXIFS(Trade_Reports!$O$3:$O$502,Trade_Reports!$H$3:$H$502,$A34,Trade_Reports!$M$3:$M$502,"APPROVED"),""))) | M34: NO | O34: =IF(OR($A34="",ISERROR(SEARCH("_",$A34))),"", $W34) | P34: =IF($A34="","",SUMIFS(Trade_Reports!$U$3:$U$502,Trade_Reports!$H$3:$H$502,$A34,Trade_Reports!$M$3:$M$502,"APPROVED",Trade_Reports!$Q$3:$Q$502,"<="&Settings!$B$4)) | Q34: =IF($A34="","",SUMIFS(Trade_Reports!$U$3:$U$502,Trade_Reports!$H$3:$H$502,$A34,Trade_Reports!$M$3:$M$502,"APPROVED",Trade_Reports!$Q$3:$Q$502,"<="&Settings!$B$5)) | R34: =IF($A34="","",IF($Q34=0,"",IFERROR(_xludf.MINIFS(Trade_Reports!$I$3:$I$502,Trade_Reports!$H$3:$H$502,$A34,Trade_Reports!$M$3:$M$502,"APPROVED",Trade_Reports!$Q$3:$Q$502,"<="&Settings!$B$5,Trade_Reports!$X$3:$X$502,">="&0.5*$Q34),""))) | S34: =IF($A34="","",COUNTIFS(Trade_Reports!$H$3:$H$502,$A34,Trade_Reports!$M$3:$M$502,"APPROVED",Trade_Reports!$Q$3:$Q$502,"<="&Settings!$B$5)) | V34: =IF(OR($A34="",ISERROR(SEARCH("_",$A34))),"",IFERROR(SUMIFS(Trade_Reports!$Z$3:$Z$502,Trade_Reports!$H$3:$H$502,$A34,Trade_Reports!$M$3:$M$502,"APPROVED")/SUMIFS(Trade_Reports!$U$3:$U$502,Trade_Reports!$H$3:$H$502,$A34,Trade_Reports!$M$3:$M$502,"APPROVED"),"")) | W34: =IF($V34="","",IF($V34<1.75,"LOW",IF($V34<2.5,"MID","HIGH")))
F35: =IF($A35="","",IF($K35<Settings!$B$14,"",IF($P35=0,"",IFERROR(_xludf.MINIFS(Trade_Reports!$I$3:$I$502,Trade_Reports!$H$3:$H$502,$A35,Trade_Reports!$M$3:$M$502,"APPROVED",Trade_Reports!$Q$3:$Q$502,"<="&Settings!$B$4,Trade_Reports!$W$3:$W$502,">="&0.5*$P35),"")))) | G35: =IF($A35="","",IF($K35=0,"",IFERROR(_xludf.MINIFS(Trade_Reports!$I$3:$I$502,Trade_Reports!$H$3:$H$502,$A35,Trade_Reports!$M$3:$M$502,"APPROVED",Trade_Reports!$Q$3:$Q$502,"<="&Settings!$B$4),""))) | H35: =IF($A35="","",IF($K35=0,"",IFERROR(_xludf.MAXIFS(Trade_Reports!$I$3:$I$502,Trade_Reports!$H$3:$H$502,$A35,Trade_Reports!$M$3:$M$502,"APPROVED",Trade_Reports!$Q$3:$Q$502,"<="&Settings!$B$4),""))) | I35: =IF($A35="","",IF($F35="","",IF($Q35="","",IF(ABS($F35-$Q35)/$Q35<=Settings!$B$18,"STABLE",IF($F35>$Q35,"UP","DOWN"))))) | J35: =IF($A35="","",IF($K35=0,"",MIN(1,ROUND($K35/Settings!$B$14,2)))) | K35: =IF($A35="","",COUNTIFS(Trade_Reports!$H$3:$H$502,$A35,Trade_Reports!$M$3:$M$502,"APPROVED",Trade_Reports!$Q$3:$Q$502,"<="&Settings!$B$4)) | L35: =IF($A35="","",IF($K35=0,"",IFERROR(_xludf.MAXIFS(Trade_Reports!$O$3:$O$502,Trade_Reports!$H$3:$H$502,$A35,Trade_Reports!$M$3:$M$502,"APPROVED"),""))) | M35: NO | O35: =IF(OR($A35="",ISERROR(SEARCH("_",$A35))),"", $W35) | P35: =IF($A35="","",SUMIFS(Trade_Reports!$U$3:$U$502,Trade_Reports!$H$3:$H$502,$A35,Trade_Reports!$M$3:$M$502,"APPROVED",Trade_Reports!$Q$3:$Q$502,"<="&Settings!$B$4)) | Q35: =IF($A35="","",SUMIFS(Trade_Reports!$U$3:$U$502,Trade_Reports!$H$3:$H$502,$A35,Trade_Reports!$M$3:$M$502,"APPROVED",Trade_Reports!$Q$3:$Q$502,"<="&Settings!$B$5)) | R35: =IF($A35="","",IF($Q35=0,"",IFERROR(_xludf.MINIFS(Trade_Reports!$I$3:$I$502,Trade_Reports!$H$3:$H$502,$A35,Trade_Reports!$M$3:$M$502,"APPROVED",Trade_Reports!$Q$3:$Q$502,"<="&Settings!$B$5,Trade_Reports!$X$3:$X$502,">="&0.5*$Q35),""))) | S35: =IF($A35="","",COUNTIFS(Trade_Reports!$H$3:$H$502,$A35,Trade_Reports!$M$3:$M$502,"APPROVED",Trade_Reports!$Q$3:$Q$502,"<="&Settings!$B$5)) | V35: =IF(OR($A35="",ISERROR(SEARCH("_",$A35))),"",IFERROR(SUMIFS(Trade_Reports!$Z$3:$Z$502,Trade_Reports!$H$3:$H$502,$A35,Trade_Reports!$M$3:$M$502,"APPROVED")/SUMIFS(Trade_Reports!$U$3:$U$502,Trade_Reports!$H$3:$H$502,$A35,Trade_Reports!$M$3:$M$502,"APPROVED"),"")) | W35: =IF($V35="","",IF($V35<1.75,"LOW",IF($V35<2.5,"MID","HIGH")))
F36: =IF($A36="","",IF($K36<Settings!$B$14,"",IF($P36=0,"",IFERROR(_xludf.MINIFS(Trade_Reports!$I$3:$I$502,Trade_Reports!$H$3:$H$502,$A36,Trade_Reports!$M$3:$M$502,"APPROVED",Trade_Reports!$Q$3:$Q$502,"<="&Settings!$B$4,Trade_Reports!$W$3:$W$502,">="&0.5*$P36),"")))) | G36: =IF($A36="","",IF($K36=0,"",IFERROR(_xludf.MINIFS(Trade_Reports!$I$3:$I$502,Trade_Reports!$H$3:$H$502,$A36,Trade_Reports!$M$3:$M$502,"APPROVED",Trade_Reports!$Q$3:$Q$502,"<="&Settings!$B$4),""))) | H36: =IF($A36="","",IF($K36=0,"",IFERROR(_xludf.MAXIFS(Trade_Reports!$I$3:$I$502,Trade_Reports!$H$3:$H$502,$A36,Trade_Reports!$M$3:$M$502,"APPROVED",Trade_Reports!$Q$3:$Q$502,"<="&Settings!$B$4),""))) | I36: =IF($A36="","",IF($F36="","",IF($Q36="","",IF(ABS($F36-$Q36)/$Q36<=Settings!$B$18,"STABLE",IF($F36>$Q36,"UP","DOWN"))))) | J36: =IF($A36="","",IF($K36=0,"",MIN(1,ROUND($K36/Settings!$B$14,2)))) | K36: =IF($A36="","",COUNTIFS(Trade_Reports!$H$3:$H$502,$A36,Trade_Reports!$M$3:$M$502,"APPROVED",Trade_Reports!$Q$3:$Q$502,"<="&Settings!$B$4)) | L36: =IF($A36="","",IF($K36=0,"",IFERROR(_xludf.MAXIFS(Trade_Reports!$O$3:$O$502,Trade_Reports!$H$3:$H$502,$A36,Trade_Reports!$M$3:$M$502,"APPROVED"),""))) | M36: NO | O36: =IF(OR($A36="",ISERROR(SEARCH("_",$A36))),"", $W36) | P36: =IF($A36="","",SUMIFS(Trade_Reports!$U$3:$U$502,Trade_Reports!$H$3:$H$502,$A36,Trade_Reports!$M$3:$M$502,"APPROVED",Trade_Reports!$Q$3:$Q$502,"<="&Settings!$B$4)) | Q36: =IF($A36="","",SUMIFS(Trade_Reports!$U$3:$U$502,Trade_Reports!$H$3:$H$502,$A36,Trade_Reports!$M$3:$M$502,"APPROVED",Trade_Reports!$Q$3:$Q$502,"<="&Settings!$B$5)) | R36: =IF($A36="","",IF($Q36=0,"",IFERROR(_xludf.MINIFS(Trade_Reports!$I$3:$I$502,Trade_Reports!$H$3:$H$502,$A36,Trade_Reports!$M$3:$M$502,"APPROVED",Trade_Reports!$Q$3:$Q$502,"<="&Settings!$B$5,Trade_Reports!$X$3:$X$502,">="&0.5*$Q36),""))) | S36: =IF($A36="","",COUNTIFS(Trade_Reports!$H$3:$H$502,$A36,Trade_Reports!$M$3:$M$502,"APPROVED",Trade_Reports!$Q$3:$Q$502,"<="&Settings!$B$5)) | V36: =IF(OR($A36="",ISERROR(SEARCH("_",$A36))),"",IFERROR(SUMIFS(Trade_Reports!$Z$3:$Z$502,Trade_Reports!$H$3:$H$502,$A36,Trade_Reports!$M$3:$M$502,"APPROVED")/SUMIFS(Trade_Reports!$U$3:$U$502,Trade_Reports!$H$3:$H$502,$A36,Trade_Reports!$M$3:$M$502,"APPROVED"),"")) | W36: =IF($V36="","",IF($V36<1.75,"LOW",IF($V36<2.5,"MID","HIGH")))
F37: =IF($A37="","",IF($K37<Settings!$B$14,"",IF($P37=0,"",IFERROR(_xludf.MINIFS(Trade_Reports!$I$3:$I$502,Trade_Reports!$H$3:$H$502,$A37,Trade_Reports!$M$3:$M$502,"APPROVED",Trade_Reports!$Q$3:$Q$502,"<="&Settings!$B$4,Trade_Reports!$W$3:$W$502,">="&0.5*$P37),"")))) | G37: =IF($A37="","",IF($K37=0,"",IFERROR(_xludf.MINIFS(Trade_Reports!$I$3:$I$502,Trade_Reports!$H$3:$H$502,$A37,Trade_Reports!$M$3:$M$502,"APPROVED",Trade_Reports!$Q$3:$Q$502,"<="&Settings!$B$4),""))) | H37: =IF($A37="","",IF($K37=0,"",IFERROR(_xludf.MAXIFS(Trade_Reports!$I$3:$I$502,Trade_Reports!$H$3:$H$502,$A37,Trade_Reports!$M$3:$M$502,"APPROVED",Trade_Reports!$Q$3:$Q$502,"<="&Settings!$B$4),""))) | I37: =IF($A37="","",IF($F37="","",IF($Q37="","",IF(ABS($F37-$Q37)/$Q37<=Settings!$B$18,"STABLE",IF($F37>$Q37,"UP","DOWN"))))) | J37: =IF($A37="","",IF($K37=0,"",MIN(1,ROUND($K37/Settings!$B$14,2)))) | K37: =IF($A37="","",COUNTIFS(Trade_Reports!$H$3:$H$502,$A37,Trade_Reports!$M$3:$M$502,"APPROVED",Trade_Reports!$Q$3:$Q$502,"<="&Settings!$B$4)) | L37: =IF($A37="","",IF($K37=0,"",IFERROR(_xludf.MAXIFS(Trade_Reports!$O$3:$O$502,Trade_Reports!$H$3:$H$502,$A37,Trade_Reports!$M$3:$M$502,"APPROVED"),""))) | M37: NO | O37: =IF(OR($A37="",ISERROR(SEARCH("_",$A37))),"", $W37) | P37: =IF($A37="","",SUMIFS(Trade_Reports!$U$3:$U$502,Trade_Reports!$H$3:$H$502,$A37,Trade_Reports!$M$3:$M$502,"APPROVED",Trade_Reports!$Q$3:$Q$502,"<="&Settings!$B$4)) | Q37: =IF($A37="","",SUMIFS(Trade_Reports!$U$3:$U$502,Trade_Reports!$H$3:$H$502,$A37,Trade_Reports!$M$3:$M$502,"APPROVED",Trade_Reports!$Q$3:$Q$502,"<="&Settings!$B$5)) | R37: =IF($A37="","",IF($Q37=0,"",IFERROR(_xludf.MINIFS(Trade_Reports!$I$3:$I$502,Trade_Reports!$H$3:$H$502,$A37,Trade_Reports!$M$3:$M$502,"APPROVED",Trade_Reports!$Q$3:$Q$502,"<="&Settings!$B$5,Trade_Reports!$X$3:$X$502,">="&0.5*$Q37),""))) | S37: =IF($A37="","",COUNTIFS(Trade_Reports!$H$3:$H$502,$A37,Trade_Reports!$M$3:$M$502,"APPROVED",Trade_Reports!$Q$3:$Q$502,"<="&Settings!$B$5)) | V37: =IF(OR($A37="",ISERROR(SEARCH("_",$A37))),"",IFERROR(SUMIFS(Trade_Reports!$Z$3:$Z$502,Trade_Reports!$H$3:$H$502,$A37,Trade_Reports!$M$3:$M$502,"APPROVED")/SUMIFS(Trade_Reports!$U$3:$U$502,Trade_Reports!$H$3:$H$502,$A37,Trade_Reports!$M$3:$M$502,"APPROVED"),"")) | W37: =IF($V37="","",IF($V37<1.75,"LOW",IF($V37<2.5,"MID","HIGH")))
F38: =IF($A38="","",IF($K38<Settings!$B$14,"",IF($P38=0,"",IFERROR(_xludf.MINIFS(Trade_Reports!$I$3:$I$502,Trade_Reports!$H$3:$H$502,$A38,Trade_Reports!$M$3:$M$502,"APPROVED",Trade_Reports!$Q$3:$Q$502,"<="&Settings!$B$4,Trade_Reports!$W$3:$W$502,">="&0.5*$P38),"")))) | G38: =IF($A38="","",IF($K38=0,"",IFERROR(_xludf.MINIFS(Trade_Reports!$I$3:$I$502,Trade_Reports!$H$3:$H$502,$A38,Trade_Reports!$M$3:$M$502,"APPROVED",Trade_Reports!$Q$3:$Q$502,"<="&Settings!$B$4),""))) | H38: =IF($A38="","",IF($K38=0,"",IFERROR(_xludf.MAXIFS(Trade_Reports!$I$3:$I$502,Trade_Reports!$H$3:$H$502,$A38,Trade_Reports!$M$3:$M$502,"APPROVED",Trade_Reports!$Q$3:$Q$502,"<="&Settings!$B$4),""))) | I38: =IF($A38="","",IF($F38="","",IF($Q38="","",IF(ABS($F38-$Q38)/$Q38<=Settings!$B$18,"STABLE",IF($F38>$Q38,"UP","DOWN"))))) | J38: =IF($A38="","",IF($K38=0,"",MIN(1,ROUND($K38/Settings!$B$14,2)))) | K38: =IF($A38="","",COUNTIFS(Trade_Reports!$H$3:$H$502,$A38,Trade_Reports!$M$3:$M$502,"APPROVED",Trade_Reports!$Q$3:$Q$502,"<="&Settings!$B$4)) | L38: =IF($A38="","",IF($K38=0,"",IFERROR(_xludf.MAXIFS(Trade_Reports!$O$3:$O$502,Trade_Reports!$H$3:$H$502,$A38,Trade_Reports!$M$3:$M$502,"APPROVED"),""))) | M38: NO | O38: =IF(OR($A38="",ISERROR(SEARCH("_",$A38))),"", $W38) | P38: =IF($A38="","",SUMIFS(Trade_Reports!$U$3:$U$502,Trade_Reports!$H$3:$H$502,$A38,Trade_Reports!$M$3:$M$502,"APPROVED",Trade_Reports!$Q$3:$Q$502,"<="&Settings!$B$4)) | Q38: =IF($A38="","",SUMIFS(Trade_Reports!$U$3:$U$502,Trade_Reports!$H$3:$H$502,$A38,Trade_Reports!$M$3:$M$502,"APPROVED",Trade_Reports!$Q$3:$Q$502,"<="&Settings!$B$5)) | R38: =IF($A38="","",IF($Q38=0,"",IFERROR(_xludf.MINIFS(Trade_Reports!$I$3:$I$502,Trade_Reports!$H$3:$H$502,$A38,Trade_Reports!$M$3:$M$502,"APPROVED",Trade_Reports!$Q$3:$Q$502,"<="&Settings!$B$5,Trade_Reports!$X$3:$X$502,">="&0.5*$Q38),""))) | S38: =IF($A38="","",COUNTIFS(Trade_Reports!$H$3:$H$502,$A38,Trade_Reports!$M$3:$M$502,"APPROVED",Trade_Reports!$Q$3:$Q$502,"<="&Settings!$B$5)) | V38: =IF(OR($A38="",ISERROR(SEARCH("_",$A38))),"",IFERROR(SUMIFS(Trade_Reports!$Z$3:$Z$502,Trade_Reports!$H$3:$H$502,$A38,Trade_Reports!$M$3:$M$502,"APPROVED")/SUMIFS(Trade_Reports!$U$3:$U$502,Trade_Reports!$H$3:$H$502,$A38,Trade_Reports!$M$3:$M$502,"APPROVED"),"")) | W38: =IF($V38="","",IF($V38<1.75,"LOW",IF($V38<2.5,"MID","HIGH")))
F39: =IF($A39="","",IF($K39<Settings!$B$14,"",IF($P39=0,"",IFERROR(_xludf.MINIFS(Trade_Reports!$I$3:$I$502,Trade_Reports!$H$3:$H$502,$A39,Trade_Reports!$M$3:$M$502,"APPROVED",Trade_Reports!$Q$3:$Q$502,"<="&Settings!$B$4,Trade_Reports!$W$3:$W$502,">="&0.5*$P39),"")))) | G39: =IF($A39="","",IF($K39=0,"",IFERROR(_xludf.MINIFS(Trade_Reports!$I$3:$I$502,Trade_Reports!$H$3:$H$502,$A39,Trade_Reports!$M$3:$M$502,"APPROVED",Trade_Reports!$Q$3:$Q$502,"<="&Settings!$B$4),""))) | H39: =IF($A39="","",IF($K39=0,"",IFERROR(_xludf.MAXIFS(Trade_Reports!$I$3:$I$502,Trade_Reports!$H$3:$H$502,$A39,Trade_Reports!$M$3:$M$502,"APPROVED",Trade_Reports!$Q$3:$Q$502,"<="&Settings!$B$4),""))) | I39: =IF($A39="","",IF($F39="","",IF($Q39="","",IF(ABS($F39-$Q39)/$Q39<=Settings!$B$18,"STABLE",IF($F39>$Q39,"UP","DOWN"))))) | J39: =IF($A39="","",IF($K39=0,"",MIN(1,ROUND($K39/Settings!$B$14,2)))) | K39: =IF($A39="","",COUNTIFS(Trade_Reports!$H$3:$H$502,$A39,Trade_Reports!$M$3:$M$502,"APPROVED",Trade_Reports!$Q$3:$Q$502,"<="&Settings!$B$4)) | L39: =IF($A39="","",IF($K39=0,"",IFERROR(_xludf.MAXIFS(Trade_Reports!$O$3:$O$502,Trade_Reports!$H$3:$H$502,$A39,Trade_Reports!$M$3:$M$502,"APPROVED"),""))) | M39: NO | O39: =IF(OR($A39="",ISERROR(SEARCH("_",$A39))),"", $W39) | P39: =IF($A39="","",SUMIFS(Trade_Reports!$U$3:$U$502,Trade_Reports!$H$3:$H$502,$A39,Trade_Reports!$M$3:$M$502,"APPROVED",Trade_Reports!$Q$3:$Q$502,"<="&Settings!$B$4)) | Q39: =IF($A39="","",SUMIFS(Trade_Reports!$U$3:$U$502,Trade_Reports!$H$3:$H$502,$A39,Trade_Reports!$M$3:$M$502,"APPROVED",Trade_Reports!$Q$3:$Q$502,"<="&Settings!$B$5)) | R39: =IF($A39="","",IF($Q39=0,"",IFERROR(_xludf.MINIFS(Trade_Reports!$I$3:$I$502,Trade_Reports!$H$3:$H$502,$A39,Trade_Reports!$M$3:$M$502,"APPROVED",Trade_Reports!$Q$3:$Q$502,"<="&Settings!$B$5,Trade_Reports!$X$3:$X$502,">="&0.5*$Q39),""))) | S39: =IF($A39="","",COUNTIFS(Trade_Reports!$H$3:$H$502,$A39,Trade_Reports!$M$3:$M$502,"APPROVED",Trade_Reports!$Q$3:$Q$502,"<="&Settings!$B$5)) | V39: =IF(OR($A39="",ISERROR(SEARCH("_",$A39))),"",IFERROR(SUMIFS(Trade_Reports!$Z$3:$Z$502,Trade_Reports!$H$3:$H$502,$A39,Trade_Reports!$M$3:$M$502,"APPROVED")/SUMIFS(Trade_Reports!$U$3:$U$502,Trade_Reports!$H$3:$H$502,$A39,Trade_Reports!$M$3:$M$502,"APPROVED"),"")) | W39: =IF($V39="","",IF($V39<1.75,"LOW",IF($V39<2.5,"MID","HIGH")))
F40: =IF($A40="","",IF($K40<Settings!$B$14,"",IF($P40=0,"",IFERROR(_xludf.MINIFS(Trade_Reports!$I$3:$I$502,Trade_Reports!$H$3:$H$502,$A40,Trade_Reports!$M$3:$M$502,"APPROVED",Trade_Reports!$Q$3:$Q$502,"<="&Settings!$B$4,Trade_Reports!$W$3:$W$502,">="&0.5*$P40),"")))) | G40: =IF($A40="","",IF($K40=0,"",IFERROR(_xludf.MINIFS(Trade_Reports!$I$3:$I$502,Trade_Reports!$H$3:$H$502,$A40,Trade_Reports!$M$3:$M$502,"APPROVED",Trade_Reports!$Q$3:$Q$502,"<="&Settings!$B$4),""))) | H40: =IF($A40="","",IF($K40=0,"",IFERROR(_xludf.MAXIFS(Trade_Reports!$I$3:$I$502,Trade_Reports!$H$3:$H$502,$A40,Trade_Reports!$M$3:$M$502,"APPROVED",Trade_Reports!$Q$3:$Q$502,"<="&Settings!$B$4),""))) | I40: =IF($A40="","",IF($F40="","",IF($Q40="","",IF(ABS($F40-$Q40)/$Q40<=Settings!$B$18,"STABLE",IF($F40>$Q40,"UP","DOWN"))))) | J40: =IF($A40="","",IF($K40=0,"",MIN(1,ROUND($K40/Settings!$B$14,2)))) | K40: =IF($A40="","",COUNTIFS(Trade_Reports!$H$3:$H$502,$A40,Trade_Reports!$M$3:$M$502,"APPROVED",Trade_Reports!$Q$3:$Q$502,"<="&Settings!$B$4)) | L40: =IF($A40="","",IF($K40=0,"",IFERROR(_xludf.MAXIFS(Trade_Reports!$O$3:$O$502,Trade_Reports!$H$3:$H$502,$A40,Trade_Reports!$M$3:$M$502,"APPROVED"),""))) | M40: NO | O40: =IF(OR($A40="",ISERROR(SEARCH("_",$A40))),"", $W40) | P40: =IF($A40="","",SUMIFS(Trade_Reports!$U$3:$U$502,Trade_Reports!$H$3:$H$502,$A40,Trade_Reports!$M$3:$M$502,"APPROVED",Trade_Reports!$Q$3:$Q$502,"<="&Settings!$B$4)) | Q40: =IF($A40="","",SUMIFS(Trade_Reports!$U$3:$U$502,Trade_Reports!$H$3:$H$502,$A40,Trade_Reports!$M$3:$M$502,"APPROVED",Trade_Reports!$Q$3:$Q$502,"<="&Settings!$B$5)) | R40: =IF($A40="","",IF($Q40=0,"",IFERROR(_xludf.MINIFS(Trade_Reports!$I$3:$I$502,Trade_Reports!$H$3:$H$502,$A40,Trade_Reports!$M$3:$M$502,"APPROVED",Trade_Reports!$Q$3:$Q$502,"<="&Settings!$B$5,Trade_Reports!$X$3:$X$502,">="&0.5*$Q40),""))) | S40: =IF($A40="","",COUNTIFS(Trade_Reports!$H$3:$H$502,$A40,Trade_Reports!$M$3:$M$502,"APPROVED",Trade_Reports!$Q$3:$Q$502,"<="&Settings!$B$5)) | V40: =IF(OR($A40="",ISERROR(SEARCH("_",$A40))),"",IFERROR(SUMIFS(Trade_Reports!$Z$3:$Z$502,Trade_Reports!$H$3:$H$502,$A40,Trade_Reports!$M$3:$M$502,"APPROVED")/SUMIFS(Trade_Reports!$U$3:$U$502,Trade_Reports!$H$3:$H$502,$A40,Trade_Reports!$M$3:$M$502,"APPROVED"),"")) | W40: =IF($V40="","",IF($V40<1.75,"LOW",IF($V40<2.5,"MID","HIGH")))
... F45: =IF($A45="","",IF($K45<Settings!$B$14,"",IF($P45=0,"",IFERROR(_xludf.MINIFS(Trade_Reports!$I$3:$I$502,Trade_Reports!$H$3:$H$502,$A45,Trade_Reports!$M$3:$M$502,"APPROVED",Trade_Reports!$Q$3:$Q$502,"<="&Settings!$B$4,Trade_Reports!$W$3:$W$502,">="&0.5*$P45),"")))) | G45: =IF($A45="","",IF($K45=0,"",IFERROR(_xludf.MINIFS(Trade_Reports!$I$3:$I$502,Trade_Reports!$H$3:$H$502,$A45,Trade_Reports!$M$3:$M$502,"APPROVED",Trade_Reports!$Q$3:$Q$502,"<="&Settings!$B$4),""))) | H45: =IF($A45="","",IF($K45=0,"",IFERROR(_xludf.MAXIFS(Trade_Reports!$I$3:$I$502,Trade_Reports!$H$3:$H$502,$A45,Trade_Reports!$M$3:$M$502,"APPROVED",Trade_Reports!$Q$3:$Q$502,"<="&Settings!$B$4),""))) | I45: =IF($A45="","",IF($F45="","",IF($Q45="","",IF(ABS($F45-$Q45)/$Q45<=Settings!$B$18,"STABLE",IF($F45>$Q45,"UP","DOWN"))))) | J45: =IF($A45="","",IF($K45=0,"",MIN(1,ROUND($K45/Settings!$B$14,2)))) | K45: =IF($A45="","",COUNTIFS(Trade_Reports!$H$3:$H$502,$A45,Trade_Reports!$M$3:$M$502,"APPROVED",Trade_Reports!$Q$3:$Q$502,"<="&Settings!$B$4)) | L45: =IF($A45="","",IF($K45=0,"",IFERROR(_xludf.MAXIFS(Trade_Reports!$O$3:$O$502,Trade_Reports!$H$3:$H$502,$A45,Trade_Reports!$M$3:$M$502,"APPROVED"),""))) | M45: NO | O45: =IF(OR($A45="",ISERROR(SEARCH("_",$A45))),"", $W45) | P45: =IF($A45="","",SUMIFS(Trade_Reports!$U$3:$U$502,Trade_Reports!$H$3:$H$502,$A45,Trade_Reports!$M$3:$M$502,"APPROVED",Trade_Reports!$Q$3:$Q$502,"<="&Settings!$B$4)) | Q45: =IF($A45="","",SUMIFS(Trade_Reports!$U$3:$U$502,Trade_Reports!$H$3:$H$502,$A45,Trade_Reports!$M$3:$M$502,"APPROVED",Trade_Reports!$Q$3:$Q$502,"<="&Settings!$B$5)) | R45: =IF($A45="","",IF($Q45=0,"",IFERROR(_xludf.MINIFS(Trade_Reports!$I$3:$I$502,Trade_Reports!$H$3:$H$502,$A45,Trade_Reports!$M$3:$M$502,"APPROVED",Trade_Reports!$Q$3:$Q$502,"<="&Settings!$B$5,Trade_Reports!$X$3:$X$502,">="&0.5*$Q45),""))) | S45: =IF($A45="","",COUNTIFS(Trade_Reports!$H$3:$H$502,$A45,Trade_Reports!$M$3:$M$502,"APPROVED",Trade_Reports!$Q$3:$Q$502,"<="&Settings!$B$5)) | V45: =IF(OR($A45="",ISERROR(SEARCH("_",$A45))),"",IFERROR(SUMIFS(Trade_Reports!$Z$3:$Z$502,Trade_Reports!$H$3:$H$502,$A45,Trade_Reports!$M$3:$M$502,"APPROVED")/SUMIFS(Trade_Reports!$U$3:$U$502,Trade_Reports!$H$3:$H$502,$A45,Trade_Reports!$M$3:$M$502,"APPROVED"),"")) | W45: =IF($V45="","",IF($V45<1.75,"LOW",IF($V45<2.5,"MID","HIGH")))
A46: Currency | F46: =IF($A46="","",IF($K46<Settings!$B$14,"",IF($P46=0,"",IFERROR(_xludf.MINIFS(Trade_Reports!$I$3:$I$502,Trade_Reports!$H$3:$H$502,$A46,Trade_Reports!$M$3:$M$502,"APPROVED",Trade_Reports!$Q$3:$Q$502,"<="&Settings!$B$4,Trade_Reports!$W$3:$W$502,">="&0.5*$P46),"")))) | G46: =IF($A46="","",IF($K46=0,"",IFERROR(_xludf.MINIFS(Trade_Reports!$I$3:$I$502,Trade_Reports!$H$3:$H$502,$A46,Trade_Reports!$M$3:$M$502,"APPROVED",Trade_Reports!$Q$3:$Q$502,"<="&Settings!$B$4),""))) | H46: =IF($A46="","",IF($K46=0,"",IFERROR(_xludf.MAXIFS(Trade_Reports!$I$3:$I$502,Trade_Reports!$H$3:$H$502,$A46,Trade_Reports!$M$3:$M$502,"APPROVED",Trade_Reports!$Q$3:$Q$502,"<="&Settings!$B$4),""))) | I46: =IF($A46="","",IF($F46="","",IF($Q46="","",IF(ABS($F46-$Q46)/$Q46<=Settings!$B$18,"STABLE",IF($F46>$Q46,"UP","DOWN"))))) | J46: =IF($A46="","",IF($K46=0,"",MIN(1,ROUND($K46/Settings!$B$14,2)))) | K46: =IF($A46="","",COUNTIFS(Trade_Reports!$H$3:$H$502,$A46,Trade_Reports!$M$3:$M$502,"APPROVED",Trade_Reports!$Q$3:$Q$502,"<="&Settings!$B$4)) -> 0 | L46: =IF($A46="","",IF($K46=0,"",IFERROR(_xludf.MAXIFS(Trade_Reports!$O$3:$O$502,Trade_Reports!$H$3:$H$502,$A46,Trade_Reports!$M$3:$M$502,"APPROVED"),""))) | M46: NO | O46: =IF(OR($A46="",ISERROR(SEARCH("_",$A46))),"", $W46) | P46: =IF($A46="","",SUMIFS(Trade_Reports!$U$3:$U$502,Trade_Reports!$H$3:$H$502,$A46,Trade_Reports!$M$3:$M$502,"APPROVED",Trade_Reports!$Q$3:$Q$502,"<="&Settings!$B$4)) -> 0 | Q46: =IF($A46="","",SUMIFS(Trade_Reports!$U$3:$U$502,Trade_Reports!$H$3:$H$502,$A46,Trade_Reports!$M$3:$M$502,"APPROVED",Trade_Reports!$Q$3:$Q$502,"<="&Settings!$B$5)) -> 0 | R46: =IF($A46="","",IF($Q46=0,"",IFERROR(_xludf.MINIFS(Trade_Reports!$I$3:$I$502,Trade_Reports!$H$3:$H$502,$A46,Trade_Reports!$M$3:$M$502,"APPROVED",Trade_Reports!$Q$3:$Q$502,"<="&Settings!$B$5,Trade_Reports!$X$3:$X$502,">="&0.5*$Q46),""))) | S46: =IF($A46="","",COUNTIFS(Trade_Reports!$H$3:$H$502,$A46,Trade_Reports!$M$3:$M$502,"APPROVED",Trade_Reports!$Q$3:$Q$502,"<="&Settings!$B$5)) -> 0 | V46: =IF(OR($A46="",ISERROR(SEARCH("_",$A46))),"",IFERROR(SUMIFS(Trade_Reports!$Z$3:$Z$502,Trade_Reports!$H$3:$H$502,$A46,Trade_Reports!$M$3:$M$502,"APPROVED")/SUMIFS(Trade_Reports!$U$3:$U$502,Trade_Reports!$H$3:$H$502,$A46,Trade_Reports!$M$3:$M$502,"APPROVED"),"")) | W46: =IF($V46="","",IF($V46<1.75,"LOW",IF($V46<2.5,"MID","HIGH")))
A47: CURRENCY_MPELI | F47: =IF($A47="","",IF($K47<Settings!$B$14,"",IF($P47=0,"",IFERROR(_xludf.MINIFS(Trade_Reports!$I$3:$I$502,Trade_Reports!$H$3:$H$502,$A47,Trade_Reports!$M$3:$M$502,"APPROVED",Trade_Reports!$Q$3:$Q$502,"<="&Settings!$B$4,Trade_Reports!$W$3:$W$502,">="&0.5*$P47),"")))) | G47: =IF($A47="","",IF($K47=0,"",IFERROR(_xludf.MINIFS(Trade_Reports!$I$3:$I$502,Trade_Reports!$H$3:$H$502,$A47,Trade_Reports!$M$3:$M$502,"APPROVED",Trade_Reports!$Q$3:$Q$502,"<="&Settings!$B$4),""))) | H47: =IF($A47="","",IF($K47=0,"",IFERROR(_xludf.MAXIFS(Trade_Reports!$I$3:$I$502,Trade_Reports!$H$3:$H$502,$A47,Trade_Reports!$M$3:$M$502,"APPROVED",Trade_Reports!$Q$3:$Q$502,"<="&Settings!$B$4),""))) | I47: =IF($A47="","",IF($F47="","",IF($Q47="","",IF(ABS($F47-$Q47)/$Q47<=Settings!$B$18,"STABLE",IF($F47>$Q47,"UP","DOWN"))))) | J47: =IF($A47="","",IF($K47=0,"",MIN(1,ROUND($K47/Settings!$B$14,2)))) | K47: =IF($A47="","",COUNTIFS(Trade_Reports!$H$3:$H$502,$A47,Trade_Reports!$M$3:$M$502,"APPROVED",Trade_Reports!$Q$3:$Q$502,"<="&Settings!$B$4)) -> 0 | L47: =IF($A47="","",IF($K47=0,"",IFERROR(_xludf.MAXIFS(Trade_Reports!$O$3:$O$502,Trade_Reports!$H$3:$H$502,$A47,Trade_Reports!$M$3:$M$502,"APPROVED"),""))) | M47: NO | O47: =IF(OR($A47="",ISERROR(SEARCH("_",$A47))),"", $W47) | P47: =IF($A47="","",SUMIFS(Trade_Reports!$U$3:$U$502,Trade_Reports!$H$3:$H$502,$A47,Trade_Reports!$M$3:$M$502,"APPROVED",Trade_Reports!$Q$3:$Q$502,"<="&Settings!$B$4)) -> 0 | Q47: =IF($A47="","",SUMIFS(Trade_Reports!$U$3:$U$502,Trade_Reports!$H$3:$H$502,$A47,Trade_Reports!$M$3:$M$502,"APPROVED",Trade_Reports!$Q$3:$Q$502,"<="&Settings!$B$5)) -> 0 | R47: =IF($A47="","",IF($Q47=0,"",IFERROR(_xludf.MINIFS(Trade_Reports!$I$3:$I$502,Trade_Reports!$H$3:$H$502,$A47,Trade_Reports!$M$3:$M$502,"APPROVED",Trade_Reports!$Q$3:$Q$502,"<="&Settings!$B$5,Trade_Reports!$X$3:$X$502,">="&0.5*$Q47),""))) | S47: =IF($A47="","",COUNTIFS(Trade_Reports!$H$3:$H$502,$A47,Trade_Reports!$M$3:$M$502,"APPROVED",Trade_Reports!$Q$3:$Q$502,"<="&Settings!$B$5)) -> 0 | V47: =IF(OR($A47="",ISERROR(SEARCH("_",$A47))),"",IFERROR(SUMIFS(Trade_Reports!$Z$3:$Z$502,Trade_Reports!$H$3:$H$502,$A47,Trade_Reports!$M$3:$M$502,"APPROVED")/SUMIFS(Trade_Reports!$U$3:$U$502,Trade_Reports!$H$3:$H$502,$A47,Trade_Reports!$M$3:$M$502,"APPROVED"),"")) | W47: =IF($V47="","",IF($V47<1.75,"LOW",IF($V47<2.5,"MID","HIGH")))
F48: =IF($A48="","",IF($K48<Settings!$B$14,"",IF($P48=0,"",IFERROR(_xludf.MINIFS(Trade_Reports!$I$3:$I$502,Trade_Reports!$H$3:$H$502,$A48,Trade_Reports!$M$3:$M$502,"APPROVED",Trade_Reports!$Q$3:$Q$502,"<="&Settings!$B$4,Trade_Reports!$W$3:$W$502,">="&0.5*$P48),"")))) | G48: =IF($A48="","",IF($K48=0,"",IFERROR(_xludf.MINIFS(Trade_Reports!$I$3:$I$502,Trade_Reports!$H$3:$H$502,$A48,Trade_Reports!$M$3:$M$502,"APPROVED",Trade_Reports!$Q$3:$Q$502,"<="&Settings!$B$4),""))) | H48: =IF($A48="","",IF($K48=0,"",IFERROR(_xludf.MAXIFS(Trade_Reports!$I$3:$I$502,Trade_Reports!$H$3:$H$502,$A48,Trade_Reports!$M$3:$M$502,"APPROVED",Trade_Reports!$Q$3:$Q$502,"<="&Settings!$B$4),""))) | I48: =IF($A48="","",IF($F48="","",IF($Q48="","",IF(ABS($F48-$Q48)/$Q48<=Settings!$B$18,"STABLE",IF($F48>$Q48,"UP","DOWN"))))) | J48: =IF($A48="","",IF($K48=0,"",MIN(1,ROUND($K48/Settings!$B$14,2)))) | K48: =IF($A48="","",COUNTIFS(Trade_Reports!$H$3:$H$502,$A48,Trade_Reports!$M$3:$M$502,"APPROVED",Trade_Reports!$Q$3:$Q$502,"<="&Settings!$B$4)) | L48: =IF($A48="","",IF($K48=0,"",IFERROR(_xludf.MAXIFS(Trade_Reports!$O$3:$O$502,Trade_Reports!$H$3:$H$502,$A48,Trade_Reports!$M$3:$M$502,"APPROVED"),""))) | M48: NO | O48: =IF(OR($A48="",ISERROR(SEARCH("_",$A48))),"", $W48) | P48: =IF($A48="","",SUMIFS(Trade_Reports!$U$3:$U$502,Trade_Reports!$H$3:$H$502,$A48,Trade_Reports!$M$3:$M$502,"APPROVED",Trade_Reports!$Q$3:$Q$502,"<="&Settings!$B$4)) | Q48: =IF($A48="","",SUMIFS(Trade_Reports!$U$3:$U$502,Trade_Reports!$H$3:$H$502,$A48,Trade_Reports!$M$3:$M$502,"APPROVED",Trade_Reports!$Q$3:$Q$502,"<="&Settings!$B$5)) | R48: =IF($A48="","",IF($Q48=0,"",IFERROR(_xludf.MINIFS(Trade_Reports!$I$3:$I$502,Trade_Reports!$H$3:$H$502,$A48,Trade_Reports!$M$3:$M$502,"APPROVED",Trade_Reports!$Q$3:$Q$502,"<="&Settings!$B$5,Trade_Reports!$X$3:$X$502,">="&0.5*$Q48),""))) | S48: =IF($A48="","",COUNTIFS(Trade_Reports!$H$3:$H$502,$A48,Trade_Reports!$M$3:$M$502,"APPROVED",Trade_Reports!$Q$3:$Q$502,"<="&Settings!$B$5)) | V48: =IF(OR($A48="",ISERROR(SEARCH("_",$A48))),"",IFERROR(SUMIFS(Trade_Reports!$Z$3:$Z$502,Trade_Reports!$H$3:$H$502,$A48,Trade_Reports!$M$3:$M$502,"APPROVED")/SUMIFS(Trade_Reports!$U$3:$U$502,Trade_Reports!$H$3:$H$502,$A48,Trade_Reports!$M$3:$M$502,"APPROVED"),"")) | W48: =IF($V48="","",IF($V48<1.75,"LOW",IF($V48<2.5,"MID","HIGH")))
F49: =IF($A49="","",IF($K49<Settings!$B$14,"",IF($P49=0,"",IFERROR(_xludf.MINIFS(Trade_Reports!$I$3:$I$502,Trade_Reports!$H$3:$H$502,$A49,Trade_Reports!$M$3:$M$502,"APPROVED",Trade_Reports!$Q$3:$Q$502,"<="&Settings!$B$4,Trade_Reports!$W$3:$W$502,">="&0.5*$P49),"")))) | G49: =IF($A49="","",IF($K49=0,"",IFERROR(_xludf.MINIFS(Trade_Reports!$I$3:$I$502,Trade_Reports!$H$3:$H$502,$A49,Trade_Reports!$M$3:$M$502,"APPROVED",Trade_Reports!$Q$3:$Q$502,"<="&Settings!$B$4),""))) | H49: =IF($A49="","",IF($K49=0,"",IFERROR(_xludf.MAXIFS(Trade_Reports!$I$3:$I$502,Trade_Reports!$H$3:$H$502,$A49,Trade_Reports!$M$3:$M$502,"APPROVED",Trade_Reports!$Q$3:$Q$502,"<="&Settings!$B$4),""))) | I49: =IF($A49="","",IF($F49="","",IF($Q49="","",IF(ABS($F49-$Q49)/$Q49<=Settings!$B$18,"STABLE",IF($F49>$Q49,"UP","DOWN"))))) | J49: =IF($A49="","",IF($K49=0,"",MIN(1,ROUND($K49/Settings!$B$14,2)))) | K49: =IF($A49="","",COUNTIFS(Trade_Reports!$H$3:$H$502,$A49,Trade_Reports!$M$3:$M$502,"APPROVED",Trade_Reports!$Q$3:$Q$502,"<="&Settings!$B$4)) | L49: =IF($A49="","",IF($K49=0,"",IFERROR(_xludf.MAXIFS(Trade_Reports!$O$3:$O$502,Trade_Reports!$H$3:$H$502,$A49,Trade_Reports!$M$3:$M$502,"APPROVED"),""))) | M49: NO | O49: =IF(OR($A49="",ISERROR(SEARCH("_",$A49))),"", $W49) | P49: =IF($A49="","",SUMIFS(Trade_Reports!$U$3:$U$502,Trade_Reports!$H$3:$H$502,$A49,Trade_Reports!$M$3:$M$502,"APPROVED",Trade_Reports!$Q$3:$Q$502,"<="&Settings!$B$4)) | Q49: =IF($A49="","",SUMIFS(Trade_Reports!$U$3:$U$502,Trade_Reports!$H$3:$H$502,$A49,Trade_Reports!$M$3:$M$502,"APPROVED",Trade_Reports!$Q$3:$Q$502,"<="&Settings!$B$5)) | R49: =IF($A49="","",IF($Q49=0,"",IFERROR(_xludf.MINIFS(Trade_Reports!$I$3:$I$502,Trade_Reports!$H$3:$H$502,$A49,Trade_Reports!$M$3:$M$502,"APPROVED",Trade_Reports!$Q$3:$Q$502,"<="&Settings!$B$5,Trade_Reports!$X$3:$X$502,">="&0.5*$Q49),""))) | S49: =IF($A49="","",COUNTIFS(Trade_Reports!$H$3:$H$502,$A49,Trade_Reports!$M$3:$M$502,"APPROVED",Trade_Reports!$Q$3:$Q$502,"<="&Settings!$B$5)) | V49: =IF(OR($A49="",ISERROR(SEARCH("_",$A49))),"",IFERROR(SUMIFS(Trade_Reports!$Z$3:$Z$502,Trade_Reports!$H$3:$H$502,$A49,Trade_Reports!$M$3:$M$502,"APPROVED")/SUMIFS(Trade_Reports!$U$3:$U$502,Trade_Reports!$H$3:$H$502,$A49,Trade_Reports!$M$3:$M$502,"APPROVED"),"")) | W49: =IF($V49="","",IF($V49<1.75,"LOW",IF($V49<2.5,"MID","HIGH")))
F50: =IF($A50="","",IF($K50<Settings!$B$14,"",IF($P50=0,"",IFERROR(_xludf.MINIFS(Trade_Reports!$I$3:$I$502,Trade_Reports!$H$3:$H$502,$A50,Trade_Reports!$M$3:$M$502,"APPROVED",Trade_Reports!$Q$3:$Q$502,"<="&Settings!$B$4,Trade_Reports!$W$3:$W$502,">="&0.5*$P50),"")))) | G50: =IF($A50="","",IF($K50=0,"",IFERROR(_xludf.MINIFS(Trade_Reports!$I$3:$I$502,Trade_Reports!$H$3:$H$502,$A50,Trade_Reports!$M$3:$M$502,"APPROVED",Trade_Reports!$Q$3:$Q$502,"<="&Settings!$B$4),""))) | H50: =IF($A50="","",IF($K50=0,"",IFERROR(_xludf.MAXIFS(Trade_Reports!$I$3:$I$502,Trade_Reports!$H$3:$H$502,$A50,Trade_Reports!$M$3:$M$502,"APPROVED",Trade_Reports!$Q$3:$Q$502,"<="&Settings!$B$4),""))) | I50: =IF($A50="","",IF($F50="","",IF($Q50="","",IF(ABS($F50-$Q50)/$Q50<=Settings!$B$18,"STABLE",IF($F50>$Q50,"UP","DOWN"))))) | J50: =IF($A50="","",IF($K50=0,"",MIN(1,ROUND($K50/Settings!$B$14,2)))) | K50: =IF($A50="","",COUNTIFS(Trade_Reports!$H$3:$H$502,$A50,Trade_Reports!$M$3:$M$502,"APPROVED",Trade_Reports!$Q$3:$Q$502,"<="&Settings!$B$4)) | L50: =IF($A50="","",IF($K50=0,"",IFERROR(_xludf.MAXIFS(Trade_Reports!$O$3:$O$502,Trade_Reports!$H$3:$H$502,$A50,Trade_Reports!$M$3:$M$502,"APPROVED"),""))) | M50: NO | O50: =IF(OR($A50="",ISERROR(SEARCH("_",$A50))),"", $W50) | P50: =IF($A50="","",SUMIFS(Trade_Reports!$U$3:$U$502,Trade_Reports!$H$3:$H$502,$A50,Trade_Reports!$M$3:$M$502,"APPROVED",Trade_Reports!$Q$3:$Q$502,"<="&Settings!$B$4)) | Q50: =IF($A50="","",SUMIFS(Trade_Reports!$U$3:$U$502,Trade_Reports!$H$3:$H$502,$A50,Trade_Reports!$M$3:$M$502,"APPROVED",Trade_Reports!$Q$3:$Q$502,"<="&Settings!$B$5)) | R50: =IF($A50="","",IF($Q50=0,"",IFERROR(_xludf.MINIFS(Trade_Reports!$I$3:$I$502,Trade_Reports!$H$3:$H$502,$A50,Trade_Reports!$M$3:$M$502,"APPROVED",Trade_Reports!$Q$3:$Q$502,"<="&Settings!$B$5,Trade_Reports!$X$3:$X$502,">="&0.5*$Q50),""))) | S50: =IF($A50="","",COUNTIFS(Trade_Reports!$H$3:$H$502,$A50,Trade_Reports!$M$3:$M$502,"APPROVED",Trade_Reports!$Q$3:$Q$502,"<="&Settings!$B$5)) | V50: =IF(OR($A50="",ISERROR(SEARCH("_",$A50))),"",IFERROR(SUMIFS(Trade_Reports!$Z$3:$Z$502,Trade_Reports!$H$3:$H$502,$A50,Trade_Reports!$M$3:$M$502,"APPROVED")/SUMIFS(Trade_Reports!$U$3:$U$502,Trade_Reports!$H$3:$H$502,$A50,Trade_Reports!$M$3:$M$502,"APPROVED"),"")) | W50: =IF($V50="","",IF($V50<1.75,"LOW",IF($V50<2.5,"MID","HIGH")))
F51: =IF($A51="","",IF($K51<Settings!$B$14,"",IF($P51=0,"",IFERROR(_xludf.MINIFS(Trade_Reports!$I$3:$I$502,Trade_Reports!$H$3:$H$502,$A51,Trade_Reports!$M$3:$M$502,"APPROVED",Trade_Reports!$Q$3:$Q$502,"<="&Settings!$B$4,Trade_Reports!$W$3:$W$502,">="&0.5*$P51),"")))) | G51: =IF($A51="","",IF($K51=0,"",IFERROR(_xludf.MINIFS(Trade_Reports!$I$3:$I$502,Trade_Reports!$H$3:$H$502,$A51,Trade_Reports!$M$3:$M$502,"APPROVED",Trade_Reports!$Q$3:$Q$502,"<="&Settings!$B$4),""))) | H51: =IF($A51="","",IF($K51=0,"",IFERROR(_xludf.MAXIFS(Trade_Reports!$I$3:$I$502,Trade_Reports!$H$3:$H$502,$A51,Trade_Reports!$M$3:$M$502,"APPROVED",Trade_Reports!$Q$3:$Q$502,"<="&Settings!$B$4),""))) | I51: =IF($A51="","",IF($F51="","",IF($Q51="","",IF(ABS($F51-$Q51)/$Q51<=Settings!$B$18,"STABLE",IF($F51>$Q51,"UP","DOWN"))))) | J51: =IF($A51="","",IF($K51=0,"",MIN(1,ROUND($K51/Settings!$B$14,2)))) | K51: =IF($A51="","",COUNTIFS(Trade_Reports!$H$3:$H$502,$A51,Trade_Reports!$M$3:$M$502,"APPROVED",Trade_Reports!$Q$3:$Q$502,"<="&Settings!$B$4)) | L51: =IF($A51="","",IF($K51=0,"",IFERROR(_xludf.MAXIFS(Trade_Reports!$O$3:$O$502,Trade_Reports!$H$3:$H$502,$A51,Trade_Reports!$M$3:$M$502,"APPROVED"),""))) | M51: NO | O51: =IF(OR($A51="",ISERROR(SEARCH("_",$A51))),"", $W51) | P51: =IF($A51="","",SUMIFS(Trade_Reports!$U$3:$U$502,Trade_Reports!$H$3:$H$502,$A51,Trade_Reports!$M$3:$M$502,"APPROVED",Trade_Reports!$Q$3:$Q$502,"<="&Settings!$B$4)) | Q51: =IF($A51="","",SUMIFS(Trade_Reports!$U$3:$U$502,Trade_Reports!$H$3:$H$502,$A51,Trade_Reports!$M$3:$M$502,"APPROVED",Trade_Reports!$Q$3:$Q$502,"<="&Settings!$B$5)) | R51: =IF($A51="","",IF($Q51=0,"",IFERROR(_xludf.MINIFS(Trade_Reports!$I$3:$I$502,Trade_Reports!$H$3:$H$502,$A51,Trade_Reports!$M$3:$M$502,"APPROVED",Trade_Reports!$Q$3:$Q$502,"<="&Settings!$B$5,Trade_Reports!$X$3:$X$502,">="&0.5*$Q51),""))) | S51: =IF($A51="","",COUNTIFS(Trade_Reports!$H$3:$H$502,$A51,Trade_Reports!$M$3:$M$502,"APPROVED",Trade_Reports!$Q$3:$Q$502,"<="&Settings!$B$5)) | V51: =IF(OR($A51="",ISERROR(SEARCH("_",$A51))),"",IFERROR(SUMIFS(Trade_Reports!$Z$3:$Z$502,Trade_Reports!$H$3:$H$502,$A51,Trade_Reports!$M$3:$M$502,"APPROVED")/SUMIFS(Trade_Reports!$U$3:$U$502,Trade_Reports!$H$3:$H$502,$A51,Trade_Reports!$M$3:$M$502,"APPROVED"),"")) | W51: =IF($V51="","",IF($V51<1.75,"LOW",IF($V51<2.5,"MID","HIGH")))
F52: =IF($A52="","",IF($K52<Settings!$B$14,"",IF($P52=0,"",IFERROR(_xludf.MINIFS(Trade_Reports!$I$3:$I$502,Trade_Reports!$H$3:$H$502,$A52,Trade_Reports!$M$3:$M$502,"APPROVED",Trade_Reports!$Q$3:$Q$502,"<="&Settings!$B$4,Trade_Reports!$W$3:$W$502,">="&0.5*$P52),"")))) | G52: =IF($A52="","",IF($K52=0,"",IFERROR(_xludf.MINIFS(Trade_Reports!$I$3:$I$502,Trade_Reports!$H$3:$H$502,$A52,Trade_Reports!$M$3:$M$502,"APPROVED",Trade_Reports!$Q$3:$Q$502,"<="&Settings!$B$4),""))) | H52: =IF($A52="","",IF($K52=0,"",IFERROR(_xludf.MAXIFS(Trade_Reports!$I$3:$I$502,Trade_Reports!$H$3:$H$502,$A52,Trade_Reports!$M$3:$M$502,"APPROVED",Trade_Reports!$Q$3:$Q$502,"<="&Settings!$B$4),""))) | I52: =IF($A52="","",IF($F52="","",IF($Q52="","",IF(ABS($F52-$Q52)/$Q52<=Settings!$B$18,"STABLE",IF($F52>$Q52,"UP","DOWN"))))) | J52: =IF($A52="","",IF($K52=0,"",MIN(1,ROUND($K52/Settings!$B$14,2)))) | K52: =IF($A52="","",COUNTIFS(Trade_Reports!$H$3:$H$502,$A52,Trade_Reports!$M$3:$M$502,"APPROVED",Trade_Reports!$Q$3:$Q$502,"<="&Settings!$B$4)) | L52: =IF($A52="","",IF($K52=0,"",IFERROR(_xludf.MAXIFS(Trade_Reports!$O$3:$O$502,Trade_Reports!$H$3:$H$502,$A52,Trade_Reports!$M$3:$M$502,"APPROVED"),""))) | M52: NO | O52: =IF(OR($A52="",ISERROR(SEARCH("_",$A52))),"", $W52) | P52: =IF($A52="","",SUMIFS(Trade_Reports!$U$3:$U$502,Trade_Reports!$H$3:$H$502,$A52,Trade_Reports!$M$3:$M$502,"APPROVED",Trade_Reports!$Q$3:$Q$502,"<="&Settings!$B$4)) | Q52: =IF($A52="","",SUMIFS(Trade_Reports!$U$3:$U$502,Trade_Reports!$H$3:$H$502,$A52,Trade_Reports!$M$3:$M$502,"APPROVED",Trade_Reports!$Q$3:$Q$502,"<="&Settings!$B$5)) | R52: =IF($A52="","",IF($Q52=0,"",IFERROR(_xludf.MINIFS(Trade_Reports!$I$3:$I$502,Trade_Reports!$H$3:$H$502,$A52,Trade_Reports!$M$3:$M$502,"APPROVED",Trade_Reports!$Q$3:$Q$502,"<="&Settings!$B$5,Trade_Reports!$X$3:$X$502,">="&0.5*$Q52),""))) | S52: =IF($A52="","",COUNTIFS(Trade_Reports!$H$3:$H$502,$A52,Trade_Reports!$M$3:$M$502,"APPROVED",Trade_Reports!$Q$3:$Q$502,"<="&Settings!$B$5)) | V52: =IF(OR($A52="",ISERROR(SEARCH("_",$A52))),"",IFERROR(SUMIFS(Trade_Reports!$Z$3:$Z$502,Trade_Reports!$H$3:$H$502,$A52,Trade_Reports!$M$3:$M$502,"APPROVED")/SUMIFS(Trade_Reports!$U$3:$U$502,Trade_Reports!$H$3:$H$502,$A52,Trade_Reports!$M$3:$M$502,"APPROVED"),"")) | W52: =IF($V52="","",IF($V52<1.75,"LOW",IF($V52<2.5,"MID","HIGH")))
F53: =IF($A53="","",IF($K53<Settings!$B$14,"",IF($P53=0,"",IFERROR(_xludf.MINIFS(Trade_Reports!$I$3:$I$502,Trade_Reports!$H$3:$H$502,$A53,Trade_Reports!$M$3:$M$502,"APPROVED",Trade_Reports!$Q$3:$Q$502,"<="&Settings!$B$4,Trade_Reports!$W$3:$W$502,">="&0.5*$P53),"")))) | G53: =IF($A53="","",IF($K53=0,"",IFERROR(_xludf.MINIFS(Trade_Reports!$I$3:$I$502,Trade_Reports!$H$3:$H$502,$A53,Trade_Reports!$M$3:$M$502,"APPROVED",Trade_Reports!$Q$3:$Q$502,"<="&Settings!$B$4),""))) | H53: =IF($A53="","",IF($K53=0,"",IFERROR(_xludf.MAXIFS(Trade_Reports!$I$3:$I$502,Trade_Reports!$H$3:$H$502,$A53,Trade_Reports!$M$3:$M$502,"APPROVED",Trade_Reports!$Q$3:$Q$502,"<="&Settings!$B$4),""))) | I53: =IF($A53="","",IF($F53="","",IF($Q53="","",IF(ABS($F53-$Q53)/$Q53<=Settings!$B$18,"STABLE",IF($F53>$Q53,"UP","DOWN"))))) | J53: =IF($A53="","",IF($K53=0,"",MIN(1,ROUND($K53/Settings!$B$14,2)))) | K53: =IF($A53="","",COUNTIFS(Trade_Reports!$H$3:$H$502,$A53,Trade_Reports!$M$3:$M$502,"APPROVED",Trade_Reports!$Q$3:$Q$502,"<="&Settings!$B$4)) | L53: =IF($A53="","",IF($K53=0,"",IFERROR(_xludf.MAXIFS(Trade_Reports!$O$3:$O$502,Trade_Reports!$H$3:$H$502,$A53,Trade_Reports!$M$3:$M$502,"APPROVED"),""))) | M53: NO | O53: =IF(OR($A53="",ISERROR(SEARCH("_",$A53))),"", $W53) | P53: =IF($A53="","",SUMIFS(Trade_Reports!$U$3:$U$502,Trade_Reports!$H$3:$H$502,$A53,Trade_Reports!$M$3:$M$502,"APPROVED",Trade_Reports!$Q$3:$Q$502,"<="&Settings!$B$4)) | Q53: =IF($A53="","",SUMIFS(Trade_Reports!$U$3:$U$502,Trade_Reports!$H$3:$H$502,$A53,Trade_Reports!$M$3:$M$502,"APPROVED",Trade_Reports!$Q$3:$Q$502,"<="&Settings!$B$5)) | R53: =IF($A53="","",IF($Q53=0,"",IFERROR(_xludf.MINIFS(Trade_Reports!$I$3:$I$502,Trade_Reports!$H$3:$H$502,$A53,Trade_Reports!$M$3:$M$502,"APPROVED",Trade_Reports!$Q$3:$Q$502,"<="&Settings!$B$5,Trade_Reports!$X$3:$X$502,">="&0.5*$Q53),""))) | S53: =IF($A53="","",COUNTIFS(Trade_Reports!$H$3:$H$502,$A53,Trade_Reports!$M$3:$M$502,"APPROVED",Trade_Reports!$Q$3:$Q$502,"<="&Settings!$B$5)) | V53: =IF(OR($A53="",ISERROR(SEARCH("_",$A53))),"",IFERROR(SUMIFS(Trade_Reports!$Z$3:$Z$502,Trade_Reports!$H$3:$H$502,$A53,Trade_Reports!$M$3:$M$502,"APPROVED")/SUMIFS(Trade_Reports!$U$3:$U$502,Trade_Reports!$H$3:$H$502,$A53,Trade_Reports!$M$3:$M$502,"APPROVED"),"")) | W53: =IF($V53="","",IF($V53<1.75,"LOW",IF($V53<2.5,"MID","HIGH")))
F54: =IF($A54="","",IF($K54<Settings!$B$14,"",IF($P54=0,"",IFERROR(_xludf.MINIFS(Trade_Reports!$I$3:$I$502,Trade_Reports!$H$3:$H$502,$A54,Trade_Reports!$M$3:$M$502,"APPROVED",Trade_Reports!$Q$3:$Q$502,"<="&Settings!$B$4,Trade_Reports!$W$3:$W$502,">="&0.5*$P54),"")))) | G54: =IF($A54="","",IF($K54=0,"",IFERROR(_xludf.MINIFS(Trade_Reports!$I$3:$I$502,Trade_Reports!$H$3:$H$502,$A54,Trade_Reports!$M$3:$M$502,"APPROVED",Trade_Reports!$Q$3:$Q$502,"<="&Settings!$B$4),""))) | H54: =IF($A54="","",IF($K54=0,"",IFERROR(_xludf.MAXIFS(Trade_Reports!$I$3:$I$502,Trade_Reports!$H$3:$H$502,$A54,Trade_Reports!$M$3:$M$502,"APPROVED",Trade_Reports!$Q$3:$Q$502,"<="&Settings!$B$4),""))) | I54: =IF($A54="","",IF($F54="","",IF($Q54="","",IF(ABS($F54-$Q54)/$Q54<=Settings!$B$18,"STABLE",IF($F54>$Q54,"UP","DOWN"))))) | J54: =IF($A54="","",IF($K54=0,"",MIN(1,ROUND($K54/Settings!$B$14,2)))) | K54: =IF($A54="","",COUNTIFS(Trade_Reports!$H$3:$H$502,$A54,Trade_Reports!$M$3:$M$502,"APPROVED",Trade_Reports!$Q$3:$Q$502,"<="&Settings!$B$4)) | L54: =IF($A54="","",IF($K54=0,"",IFERROR(_xludf.MAXIFS(Trade_Reports!$O$3:$O$502,Trade_Reports!$H$3:$H$502,$A54,Trade_Reports!$M$3:$M$502,"APPROVED"),""))) | M54: NO | O54: =IF(OR($A54="",ISERROR(SEARCH("_",$A54))),"", $W54) | P54: =IF($A54="","",SUMIFS(Trade_Reports!$U$3:$U$502,Trade_Reports!$H$3:$H$502,$A54,Trade_Reports!$M$3:$M$502,"APPROVED",Trade_Reports!$Q$3:$Q$502,"<="&Settings!$B$4)) | Q54: =IF($A54="","",SUMIFS(Trade_Reports!$U$3:$U$502,Trade_Reports!$H$3:$H$502,$A54,Trade_Reports!$M$3:$M$502,"APPROVED",Trade_Reports!$Q$3:$Q$502,"<="&Settings!$B$5)) | R54: =IF($A54="","",IF($Q54=0,"",IFERROR(_xludf.MINIFS(Trade_Reports!$I$3:$I$502,Trade_Reports!$H$3:$H$502,$A54,Trade_Reports!$M$3:$M$502,"APPROVED",Trade_Reports!$Q$3:$Q$502,"<="&Settings!$B$5,Trade_Reports!$X$3:$X$502,">="&0.5*$Q54),""))) | S54: =IF($A54="","",COUNTIFS(Trade_Reports!$H$3:$H$502,$A54,Trade_Reports!$M$3:$M$502,"APPROVED",Trade_Reports!$Q$3:$Q$502,"<="&Settings!$B$5)) | V54: =IF(OR($A54="",ISERROR(SEARCH("_",$A54))),"",IFERROR(SUMIFS(Trade_Reports!$Z$3:$Z$502,Trade_Reports!$H$3:$H$502,$A54,Trade_Reports!$M$3:$M$502,"APPROVED")/SUMIFS(Trade_Reports!$U$3:$U$502,Trade_Reports!$H$3:$H$502,$A54,Trade_Reports!$M$3:$M$502,"APPROVED"),"")) | W54: =IF($V54="","",IF($V54<1.75,"LOW",IF($V54<2.5,"MID","HIGH")))
F55: =IF($A55="","",IF($K55<Settings!$B$14,"",IF($P55=0,"",IFERROR(_xludf.MINIFS(Trade_Reports!$I$3:$I$502,Trade_Reports!$H$3:$H$502,$A55,Trade_Reports!$M$3:$M$502,"APPROVED",Trade_Reports!$Q$3:$Q$502,"<="&Settings!$B$4,Trade_Reports!$W$3:$W$502,">="&0.5*$P55),"")))) | G55: =IF($A55="","",IF($K55=0,"",IFERROR(_xludf.MINIFS(Trade_Reports!$I$3:$I$502,Trade_Reports!$H$3:$H$502,$A55,Trade_Reports!$M$3:$M$502,"APPROVED",Trade_Reports!$Q$3:$Q$502,"<="&Settings!$B$4),""))) | H55: =IF($A55="","",IF($K55=0,"",IFERROR(_xludf.MAXIFS(Trade_Reports!$I$3:$I$502,Trade_Reports!$H$3:$H$502,$A55,Trade_Reports!$M$3:$M$502,"APPROVED",Trade_Reports!$Q$3:$Q$502,"<="&Settings!$B$4),""))) | I55: =IF($A55="","",IF($F55="","",IF($Q55="","",IF(ABS($F55-$Q55)/$Q55<=Settings!$B$18,"STABLE",IF($F55>$Q55,"UP","DOWN"))))) | J55: =IF($A55="","",IF($K55=0,"",MIN(1,ROUND($K55/Settings!$B$14,2)))) | K55: =IF($A55="","",COUNTIFS(Trade_Reports!$H$3:$H$502,$A55,Trade_Reports!$M$3:$M$502,"APPROVED",Trade_Reports!$Q$3:$Q$502,"<="&Settings!$B$4)) | L55: =IF($A55="","",IF($K55=0,"",IFERROR(_xludf.MAXIFS(Trade_Reports!$O$3:$O$502,Trade_Reports!$H$3:$H$502,$A55,Trade_Reports!$M$3:$M$502,"APPROVED"),""))) | M55: NO | O55: =IF(OR($A55="",ISERROR(SEARCH("_",$A55))),"", $W55) | P55: =IF($A55="","",SUMIFS(Trade_Reports!$U$3:$U$502,Trade_Reports!$H$3:$H$502,$A55,Trade_Reports!$M$3:$M$502,"APPROVED",Trade_Reports!$Q$3:$Q$502,"<="&Settings!$B$4)) | Q55: =IF($A55="","",SUMIFS(Trade_Reports!$U$3:$U$502,Trade_Reports!$H$3:$H$502,$A55,Trade_Reports!$M$3:$M$502,"APPROVED",Trade_Reports!$Q$3:$Q$502,"<="&Settings!$B$5)) | R55: =IF($A55="","",IF($Q55=0,"",IFERROR(_xludf.MINIFS(Trade_Reports!$I$3:$I$502,Trade_Reports!$H$3:$H$502,$A55,Trade_Reports!$M$3:$M$502,"APPROVED",Trade_Reports!$Q$3:$Q$502,"<="&Settings!$B$5,Trade_Reports!$X$3:$X$502,">="&0.5*$Q55),""))) | S55: =IF($A55="","",COUNTIFS(Trade_Reports!$H$3:$H$502,$A55,Trade_Reports!$M$3:$M$502,"APPROVED",Trade_Reports!$Q$3:$Q$502,"<="&Settings!$B$5)) | V55: =IF(OR($A55="",ISERROR(SEARCH("_",$A55))),"",IFERROR(SUMIFS(Trade_Reports!$Z$3:$Z$502,Trade_Reports!$H$3:$H$502,$A55,Trade_Reports!$M$3:$M$502,"APPROVED")/SUMIFS(Trade_Reports!$U$3:$U$502,Trade_Reports!$H$3:$H$502,$A55,Trade_Reports!$M$3:$M$502,"APPROVED"),"")) | W55: =IF($V55="","",IF($V55<1.75,"LOW",IF($V55<2.5,"MID","HIGH")))
F56: =IF($A56="","",IF($K56<Settings!$B$14,"",IF($P56=0,"",IFERROR(_xludf.MINIFS(Trade_Reports!$I$3:$I$502,Trade_Reports!$H$3:$H$502,$A56,Trade_Reports!$M$3:$M$502,"APPROVED",Trade_Reports!$Q$3:$Q$502,"<="&Settings!$B$4,Trade_Reports!$W$3:$W$502,">="&0.5*$P56),"")))) | G56: =IF($A56="","",IF($K56=0,"",IFERROR(_xludf.MINIFS(Trade_Reports!$I$3:$I$502,Trade_Reports!$H$3:$H$502,$A56,Trade_Reports!$M$3:$M$502,"APPROVED",Trade_Reports!$Q$3:$Q$502,"<="&Settings!$B$4),""))) | H56: =IF($A56="","",IF($K56=0,"",IFERROR(_xludf.MAXIFS(Trade_Reports!$I$3:$I$502,Trade_Reports!$H$3:$H$502,$A56,Trade_Reports!$M$3:$M$502,"APPROVED",Trade_Reports!$Q$3:$Q$502,"<="&Settings!$B$4),""))) | I56: =IF($A56="","",IF($F56="","",IF($Q56="","",IF(ABS($F56-$Q56)/$Q56<=Settings!$B$18,"STABLE",IF($F56>$Q56,"UP","DOWN"))))) | J56: =IF($A56="","",IF($K56=0,"",MIN(1,ROUND($K56/Settings!$B$14,2)))) | K56: =IF($A56="","",COUNTIFS(Trade_Reports!$H$3:$H$502,$A56,Trade_Reports!$M$3:$M$502,"APPROVED",Trade_Reports!$Q$3:$Q$502,"<="&Settings!$B$4)) | L56: =IF($A56="","",IF($K56=0,"",IFERROR(_xludf.MAXIFS(Trade_Reports!$O$3:$O$502,Trade_Reports!$H$3:$H$502,$A56,Trade_Reports!$M$3:$M$502,"APPROVED"),""))) | M56: NO | O56: =IF(OR($A56="",ISERROR(SEARCH("_",$A56))),"", $W56) | P56: =IF($A56="","",SUMIFS(Trade_Reports!$U$3:$U$502,Trade_Reports!$H$3:$H$502,$A56,Trade_Reports!$M$3:$M$502,"APPROVED",Trade_Reports!$Q$3:$Q$502,"<="&Settings!$B$4)) | Q56: =IF($A56="","",SUMIFS(Trade_Reports!$U$3:$U$502,Trade_Reports!$H$3:$H$502,$A56,Trade_Reports!$M$3:$M$502,"APPROVED",Trade_Reports!$Q$3:$Q$502,"<="&Settings!$B$5)) | R56: =IF($A56="","",IF($Q56=0,"",IFERROR(_xludf.MINIFS(Trade_Reports!$I$3:$I$502,Trade_Reports!$H$3:$H$502,$A56,Trade_Reports!$M$3:$M$502,"APPROVED",Trade_Reports!$Q$3:$Q$502,"<="&Settings!$B$5,Trade_Reports!$X$3:$X$502,">="&0.5*$Q56),""))) | S56: =IF($A56="","",COUNTIFS(Trade_Reports!$H$3:$H$502,$A56,Trade_Reports!$M$3:$M$502,"APPROVED",Trade_Reports!$Q$3:$Q$502,"<="&Settings!$B$5)) | V56: =IF(OR($A56="",ISERROR(SEARCH("_",$A56))),"",IFERROR(SUMIFS(Trade_Reports!$Z$3:$Z$502,Trade_Reports!$H$3:$H$502,$A56,Trade_Reports!$M$3:$M$502,"APPROVED")/SUMIFS(Trade_Reports!$U$3:$U$502,Trade_Reports!$H$3:$H$502,$A56,Trade_Reports!$M$3:$M$502,"APPROVED"),"")) | W56: =IF($V56="","",IF($V56<1.75,"LOW",IF($V56<2.5,"MID","HIGH")))
F57: =IF($A57="","",IF($K57<Settings!$B$14,"",IF($P57=0,"",IFERROR(_xludf.MINIFS(Trade_Reports!$I$3:$I$502,Trade_Reports!$H$3:$H$502,$A57,Trade_Reports!$M$3:$M$502,"APPROVED",Trade_Reports!$Q$3:$Q$502,"<="&Settings!$B$4,Trade_Reports!$W$3:$W$502,">="&0.5*$P57),"")))) | G57: =IF($A57="","",IF($K57=0,"",IFERROR(_xludf.MINIFS(Trade_Reports!$I$3:$I$502,Trade_Reports!$H$3:$H$502,$A57,Trade_Reports!$M$3:$M$502,"APPROVED",Trade_Reports!$Q$3:$Q$502,"<="&Settings!$B$4),""))) | H57: =IF($A57="","",IF($K57=0,"",IFERROR(_xludf.MAXIFS(Trade_Reports!$I$3:$I$502,Trade_Reports!$H$3:$H$502,$A57,Trade_Reports!$M$3:$M$502,"APPROVED",Trade_Reports!$Q$3:$Q$502,"<="&Settings!$B$4),""))) | I57: =IF($A57="","",IF($F57="","",IF($Q57="","",IF(ABS($F57-$Q57)/$Q57<=Settings!$B$18,"STABLE",IF($F57>$Q57,"UP","DOWN"))))) | J57: =IF($A57="","",IF($K57=0,"",MIN(1,ROUND($K57/Settings!$B$14,2)))) | K57: =IF($A57="","",COUNTIFS(Trade_Reports!$H$3:$H$502,$A57,Trade_Reports!$M$3:$M$502,"APPROVED",Trade_Reports!$Q$3:$Q$502,"<="&Settings!$B$4)) | L57: =IF($A57="","",IF($K57=0,"",IFERROR(_xludf.MAXIFS(Trade_Reports!$O$3:$O$502,Trade_Reports!$H$3:$H$502,$A57,Trade_Reports!$M$3:$M$502,"APPROVED"),""))) | M57: NO | O57: =IF(OR($A57="",ISERROR(SEARCH("_",$A57))),"", $W57) | P57: =IF($A57="","",SUMIFS(Trade_Reports!$U$3:$U$502,Trade_Reports!$H$3:$H$502,$A57,Trade_Reports!$M$3:$M$502,"APPROVED",Trade_Reports!$Q$3:$Q$502,"<="&Settings!$B$4)) | Q57: =IF($A57="","",SUMIFS(Trade_Reports!$U$3:$U$502,Trade_Reports!$H$3:$H$502,$A57,Trade_Reports!$M$3:$M$502,"APPROVED",Trade_Reports!$Q$3:$Q$502,"<="&Settings!$B$5)) | R57: =IF($A57="","",IF($Q57=0,"",IFERROR(_xludf.MINIFS(Trade_Reports!$I$3:$I$502,Trade_Reports!$H$3:$H$502,$A57,Trade_Reports!$M$3:$M$502,"APPROVED",Trade_Reports!$Q$3:$Q$502,"<="&Settings!$B$5,Trade_Reports!$X$3:$X$502,">="&0.5*$Q57),""))) | S57: =IF($A57="","",COUNTIFS(Trade_Reports!$H$3:$H$502,$A57,Trade_Reports!$M$3:$M$502,"APPROVED",Trade_Reports!$Q$3:$Q$502,"<="&Settings!$B$5)) | V57: =IF(OR($A57="",ISERROR(SEARCH("_",$A57))),"",IFERROR(SUMIFS(Trade_Reports!$Z$3:$Z$502,Trade_Reports!$H$3:$H$502,$A57,Trade_Reports!$M$3:$M$502,"APPROVED")/SUMIFS(Trade_Reports!$U$3:$U$502,Trade_Reports!$H$3:$H$502,$A57,Trade_Reports!$M$3:$M$502,"APPROVED"),"")) | W57: =IF($V57="","",IF($V57<1.75,"LOW",IF($V57<2.5,"MID","HIGH")))
F58: =IF($A58="","",IF($K58<Settings!$B$14,"",IF($P58=0,"",IFERROR(_xludf.MINIFS(Trade_Reports!$I$3:$I$502,Trade_Reports!$H$3:$H$502,$A58,Trade_Reports!$M$3:$M$502,"APPROVED",Trade_Reports!$Q$3:$Q$502,"<="&Settings!$B$4,Trade_Reports!$W$3:$W$502,">="&0.5*$P58),"")))) | G58: =IF($A58="","",IF($K58=0,"",IFERROR(_xludf.MINIFS(Trade_Reports!$I$3:$I$502,Trade_Reports!$H$3:$H$502,$A58,Trade_Reports!$M$3:$M$502,"APPROVED",Trade_Reports!$Q$3:$Q$502,"<="&Settings!$B$4),""))) | H58: =IF($A58="","",IF($K58=0,"",IFERROR(_xludf.MAXIFS(Trade_Reports!$I$3:$I$502,Trade_Reports!$H$3:$H$502,$A58,Trade_Reports!$M$3:$M$502,"APPROVED",Trade_Reports!$Q$3:$Q$502,"<="&Settings!$B$4),""))) | I58: =IF($A58="","",IF($F58="","",IF($Q58="","",IF(ABS($F58-$Q58)/$Q58<=Settings!$B$18,"STABLE",IF($F58>$Q58,"UP","DOWN"))))) | J58: =IF($A58="","",IF($K58=0,"",MIN(1,ROUND($K58/Settings!$B$14,2)))) | K58: =IF($A58="","",COUNTIFS(Trade_Reports!$H$3:$H$502,$A58,Trade_Reports!$M$3:$M$502,"APPROVED",Trade_Reports!$Q$3:$Q$502,"<="&Settings!$B$4)) | L58: =IF($A58="","",IF($K58=0,"",IFERROR(_xludf.MAXIFS(Trade_Reports!$O$3:$O$502,Trade_Reports!$H$3:$H$502,$A58,Trade_Reports!$M$3:$M$502,"APPROVED"),""))) | M58: NO | O58: =IF(OR($A58="",ISERROR(SEARCH("_",$A58))),"", $W58) | P58: =IF($A58="","",SUMIFS(Trade_Reports!$U$3:$U$502,Trade_Reports!$H$3:$H$502,$A58,Trade_Reports!$M$3:$M$502,"APPROVED",Trade_Reports!$Q$3:$Q$502,"<="&Settings!$B$4)) | Q58: =IF($A58="","",SUMIFS(Trade_Reports!$U$3:$U$502,Trade_Reports!$H$3:$H$502,$A58,Trade_Reports!$M$3:$M$502,"APPROVED",Trade_Reports!$Q$3:$Q$502,"<="&Settings!$B$5)) | R58: =IF($A58="","",IF($Q58=0,"",IFERROR(_xludf.MINIFS(Trade_Reports!$I$3:$I$502,Trade_Reports!$H$3:$H$502,$A58,Trade_Reports!$M$3:$M$502,"APPROVED",Trade_Reports!$Q$3:$Q$502,"<="&Settings!$B$5,Trade_Reports!$X$3:$X$502,">="&0.5*$Q58),""))) | S58: =IF($A58="","",COUNTIFS(Trade_Reports!$H$3:$H$502,$A58,Trade_Reports!$M$3:$M$502,"APPROVED",Trade_Reports!$Q$3:$Q$502,"<="&Settings!$B$5)) | V58: =IF(OR($A58="",ISERROR(SEARCH("_",$A58))),"",IFERROR(SUMIFS(Trade_Reports!$Z$3:$Z$502,Trade_Reports!$H$3:$H$502,$A58,Trade_Reports!$M$3:$M$502,"APPROVED")/SUMIFS(Trade_Reports!$U$3:$U$502,Trade_Reports!$H$3:$H$502,$A58,Trade_Reports!$M$3:$M$502,"APPROVED"),"")) | W58: =IF($V58="","",IF($V58<1.75,"LOW",IF($V58<2.5,"MID","HIGH")))
F59: =IF($A59="","",IF($K59<Settings!$B$14,"",IF($P59=0,"",IFERROR(_xludf.MINIFS(Trade_Reports!$I$3:$I$502,Trade_Reports!$H$3:$H$502,$A59,Trade_Reports!$M$3:$M$502,"APPROVED",Trade_Reports!$Q$3:$Q$502,"<="&Settings!$B$4,Trade_Reports!$W$3:$W$502,">="&0.5*$P59),"")))) | G59: =IF($A59="","",IF($K59=0,"",IFERROR(_xludf.MINIFS(Trade_Reports!$I$3:$I$502,Trade_Reports!$H$3:$H$502,$A59,Trade_Reports!$M$3:$M$502,"APPROVED",Trade_Reports!$Q$3:$Q$502,"<="&Settings!$B$4),""))) | H59: =IF($A59="","",IF($K59=0,"",IFERROR(_xludf.MAXIFS(Trade_Reports!$I$3:$I$502,Trade_Reports!$H$3:$H$502,$A59,Trade_Reports!$M$3:$M$502,"APPROVED",Trade_Reports!$Q$3:$Q$502,"<="&Settings!$B$4),""))) | I59: =IF($A59="","",IF($F59="","",IF($Q59="","",IF(ABS($F59-$Q59)/$Q59<=Settings!$B$18,"STABLE",IF($F59>$Q59,"UP","DOWN"))))) | J59: =IF($A59="","",IF($K59=0,"",MIN(1,ROUND($K59/Settings!$B$14,2)))) | K59: =IF($A59="","",COUNTIFS(Trade_Reports!$H$3:$H$502,$A59,Trade_Reports!$M$3:$M$502,"APPROVED",Trade_Reports!$Q$3:$Q$502,"<="&Settings!$B$4)) | L59: =IF($A59="","",IF($K59=0,"",IFERROR(_xludf.MAXIFS(Trade_Reports!$O$3:$O$502,Trade_Reports!$H$3:$H$502,$A59,Trade_Reports!$M$3:$M$502,"APPROVED"),""))) | M59: NO | O59: =IF(OR($A59="",ISERROR(SEARCH("_",$A59))),"", $W59) | P59: =IF($A59="","",SUMIFS(Trade_Reports!$U$3:$U$502,Trade_Reports!$H$3:$H$502,$A59,Trade_Reports!$M$3:$M$502,"APPROVED",Trade_Reports!$Q$3:$Q$502,"<="&Settings!$B$4)) | Q59: =IF($A59="","",SUMIFS(Trade_Reports!$U$3:$U$502,Trade_Reports!$H$3:$H$502,$A59,Trade_Reports!$M$3:$M$502,"APPROVED",Trade_Reports!$Q$3:$Q$502,"<="&Settings!$B$5)) | R59: =IF($A59="","",IF($Q59=0,"",IFERROR(_xludf.MINIFS(Trade_Reports!$I$3:$I$502,Trade_Reports!$H$3:$H$502,$A59,Trade_Reports!$M$3:$M$502,"APPROVED",Trade_Reports!$Q$3:$Q$502,"<="&Settings!$B$5,Trade_Reports!$X$3:$X$502,">="&0.5*$Q59),""))) | S59: =IF($A59="","",COUNTIFS(Trade_Reports!$H$3:$H$502,$A59,Trade_Reports!$M$3:$M$502,"APPROVED",Trade_Reports!$Q$3:$Q$502,"<="&Settings!$B$5)) | V59: =IF(OR($A59="",ISERROR(SEARCH("_",$A59))),"",IFERROR(SUMIFS(Trade_Reports!$Z$3:$Z$502,Trade_Reports!$H$3:$H$502,$A59,Trade_Reports!$M$3:$M$502,"APPROVED")/SUMIFS(Trade_Reports!$U$3:$U$502,Trade_Reports!$H$3:$H$502,$A59,Trade_Reports!$M$3:$M$502,"APPROVED"),"")) | W59: =IF($V59="","",IF($V59<1.75,"LOW",IF($V59<2.5,"MID","HIGH")))
A60: Misc | F60: =IF($A60="","",IF($K60<Settings!$B$14,"",IF($P60=0,"",IFERROR(_xludf.MINIFS(Trade_Reports!$I$3:$I$502,Trade_Reports!$H$3:$H$502,$A60,Trade_Reports!$M$3:$M$502,"APPROVED",Trade_Reports!$Q$3:$Q$502,"<="&Settings!$B$4,Trade_Reports!$W$3:$W$502,">="&0.5*$P60),"")))) | G60: =IF($A60="","",IF($K60=0,"",IFERROR(_xludf.MINIFS(Trade_Reports!$I$3:$I$502,Trade_Reports!$H$3:$H$502,$A60,Trade_Reports!$M$3:$M$502,"APPROVED",Trade_Reports!$Q$3:$Q$502,"<="&Settings!$B$4),""))) | H60: =IF($A60="","",IF($K60=0,"",IFERROR(_xludf.MAXIFS(Trade_Reports!$I$3:$I$502,Trade_Reports!$H$3:$H$502,$A60,Trade_Reports!$M$3:$M$502,"APPROVED",Trade_Reports!$Q$3:$Q$502,"<="&Settings!$B$4),""))) | I60: =IF($A60="","",IF($F60="","",IF($Q60="","",IF(ABS($F60-$Q60)/$Q60<=Settings!$B$18,"STABLE",IF($F60>$Q60,"UP","DOWN"))))) | J60: =IF($A60="","",IF($K60=0,"",MIN(1,ROUND($K60/Settings!$B$14,2)))) | K60: =IF($A60="","",COUNTIFS(Trade_Reports!$H$3:$H$502,$A60,Trade_Reports!$M$3:$M$502,"APPROVED",Trade_Reports!$Q$3:$Q$502,"<="&Settings!$B$4)) -> 0 | L60: =IF($A60="","",IF($K60=0,"",IFERROR(_xludf.MAXIFS(Trade_Reports!$O$3:$O$502,Trade_Reports!$H$3:$H$502,$A60,Trade_Reports!$M$3:$M$502,"APPROVED"),""))) | M60: NO | O60: =IF(OR($A60="",ISERROR(SEARCH("_",$A60))),"", $W60) | P60: =IF($A60="","",SUMIFS(Trade_Reports!$U$3:$U$502,Trade_Reports!$H$3:$H$502,$A60,Trade_Reports!$M$3:$M$502,"APPROVED",Trade_Reports!$Q$3:$Q$502,"<="&Settings!$B$4)) -> 0 | Q60: =IF($A60="","",SUMIFS(Trade_Reports!$U$3:$U$502,Trade_Reports!$H$3:$H$502,$A60,Trade_Reports!$M$3:$M$502,"APPROVED",Trade_Reports!$Q$3:$Q$502,"<="&Settings!$B$5)) -> 0 | R60: =IF($A60="","",IF($Q60=0,"",IFERROR(_xludf.MINIFS(Trade_Reports!$I$3:$I$502,Trade_Reports!$H$3:$H$502,$A60,Trade_Reports!$M$3:$M$502,"APPROVED",Trade_Reports!$Q$3:$Q$502,"<="&Settings!$B$5,Trade_Reports!$X$3:$X$502,">="&0.5*$Q60),""))) | S60: =IF($A60="","",COUNTIFS(Trade_Reports!$H$3:$H$502,$A60,Trade_Reports!$M$3:$M$502,"APPROVED",Trade_Reports!$Q$3:$Q$502,"<="&Settings!$B$5)) -> 0 | V60: =IF(OR($A60="",ISERROR(SEARCH("_",$A60))),"",IFERROR(SUMIFS(Trade_Reports!$Z$3:$Z$502,Trade_Reports!$H$3:$H$502,$A60,Trade_Reports!$M$3:$M$502,"APPROVED")/SUMIFS(Trade_Reports!$U$3:$U$502,Trade_Reports!$H$3:$H$502,$A60,Trade_Reports!$M$3:$M$502,"APPROVED"),"")) | W60: =IF($V60="","",IF($V60<1.75,"LOW",IF($V60<2.5,"MID","HIGH")))
A61: MISC_MYTHIC_CHEST | F61: =IF($A61="","",IF($K61<Settings!$B$14,"",IF($P61=0,"",IFERROR(_xludf.MINIFS(Trade_Reports!$I$3:$I$502,Trade_Reports!$H$3:$H$502,$A61,Trade_Reports!$M$3:$M$502,"APPROVED",Trade_Reports!$Q$3:$Q$502,"<="&Settings!$B$4,Trade_Reports!$W$3:$W$502,">="&0.5*$P61),"")))) | G61: =IF($A61="","",IF($K61=0,"",IFERROR(_xludf.MINIFS(Trade_Reports!$I$3:$I$502,Trade_Reports!$H$3:$H$502,$A61,Trade_Reports!$M$3:$M$502,"APPROVED",Trade_Reports!$Q$3:$Q$502,"<="&Settings!$B$4),""))) | H61: =IF($A61="","",IF($K61=0,"",IFERROR(_xludf.MAXIFS(Trade_Reports!$I$3:$I$502,Trade_Reports!$H$3:$H$502,$A61,Trade_Reports!$M$3:$M$502,"APPROVED",Trade_Reports!$Q$3:$Q$502,"<="&Settings!$B$4),""))) | I61: =IF($A61="","",IF($F61="","",IF($Q61="","",IF(ABS($F61-$Q61)/$Q61<=Settings!$B$18,"STABLE",IF($F61>$Q61,"UP","DOWN"))))) | J61: =IF($A61="","",IF($K61=0,"",MIN(100,ROUND($K61/Settings!$B$14*100,0)))) | K61: =IF($A61="","",COUNTIFS(Trade_Reports!$H$3:$H$502,$A61,Trade_Reports!$M$3:$M$502,"APPROVED",Trade_Reports!$Q$3:$Q$502,"<="&Settings!$B$4)) -> 0 | L61: =IF($A61="","",IF($K61=0,"",IFERROR(_xludf.MAXIFS(Trade_Reports!$O$3:$O$502,Trade_Reports!$H$3:$H$502,$A61,Trade_Reports!$M$3:$M$502,"APPROVED"),""))) | M61: NO | O61: =IF(OR($A61="",ISERROR(SEARCH("_",$A61))),"", $W61) | P61: =IF($A61="","",SUMIFS(Trade_Reports!$U$3:$U$502,Trade_Reports!$H$3:$H$502,$A61,Trade_Reports!$M$3:$M$502,"APPROVED",Trade_Reports!$Q$3:$Q$502,"<="&Settings!$B$4)) -> 0 | Q61: =IF($A61="","",SUMIFS(Trade_Reports!$U$3:$U$502,Trade_Reports!$H$3:$H$502,$A61,Trade_Reports!$M$3:$M$502,"APPROVED",Trade_Reports!$Q$3:$Q$502,"<="&Settings!$B$5)) -> 0 | R61: =IF($A61="","",IF($Q61=0,"",IFERROR(_xludf.MINIFS(Trade_Reports!$I$3:$I$502,Trade_Reports!$H$3:$H$502,$A61,Trade_Reports!$M$3:$M$502,"APPROVED",Trade_Reports!$Q$3:$Q$502,"<="&Settings!$B$5,Trade_Reports!$X$3:$X$502,">="&0.5*$Q61),""))) | S61: =IF($A61="","",COUNTIFS(Trade_Reports!$H$3:$H$502,$A61,Trade_Reports!$M$3:$M$502,"APPROVED",Trade_Reports!$Q$3:$Q$502,"<="&Settings!$B$5)) -> 0 | V61: =IF(OR($A61="",ISERROR(SEARCH("_",$A61))),"",IFERROR(SUMIFS(Trade_Reports!$Z$3:$Z$502,Trade_Reports!$H$3:$H$502,$A61,Trade_Reports!$M$3:$M$502,"APPROVED")/SUMIFS(Trade_Reports!$U$3:$U$502,Trade_Reports!$H$3:$H$502,$A61,Trade_Reports!$M$3:$M$502,"APPROVED"),"")) | W61: =IF($V61="","",IF($V61<1.75,"LOW",IF($V61<2.5,"MID","HIGH")))
A62: MISC_SP_RESET | F62: =IF($A62="","",IF($K62<Settings!$B$14,"",IF($P62=0,"",IFERROR(_xludf.MINIFS(Trade_Reports!$I$3:$I$502,Trade_Reports!$H$3:$H$502,$A62,Trade_Reports!$M$3:$M$502,"APPROVED",Trade_Reports!$Q$3:$Q$502,"<="&Settings!$B$4,Trade_Reports!$W$3:$W$502,">="&0.5*$P62),"")))) | G62: =IF($A62="","",IF($K62=0,"",IFERROR(_xludf.MINIFS(Trade_Reports!$I$3:$I$502,Trade_Reports!$H$3:$H$502,$A62,Trade_Reports!$M$3:$M$502,"APPROVED",Trade_Reports!$Q$3:$Q$502,"<="&Settings!$B$4),""))) | H62: =IF($A62="","",IF($K62=0,"",IFERROR(_xludf.MAXIFS(Trade_Reports!$I$3:$I$502,Trade_Reports!$H$3:$H$502,$A62,Trade_Reports!$M$3:$M$502,"APPROVED",Trade_Reports!$Q$3:$Q$502,"<="&Settings!$B$4),""))) | I62: =IF($A62="","",IF($F62="","",IF($Q62="","",IF(ABS($F62-$Q62)/$Q62<=Settings!$B$18,"STABLE",IF($F62>$Q62,"UP","DOWN"))))) | J62: =IF($A62="","",IF($K62=0,"",MIN(100,ROUND($K62/Settings!$B$14*100,0)))) | K62: =IF($A62="","",COUNTIFS(Trade_Reports!$H$3:$H$502,$A62,Trade_Reports!$M$3:$M$502,"APPROVED",Trade_Reports!$Q$3:$Q$502,"<="&Settings!$B$4)) -> 0 | L62: =IF($A62="","",IF($K62=0,"",IFERROR(_xludf.MAXIFS(Trade_Reports!$O$3:$O$502,Trade_Reports!$H$3:$H$502,$A62,Trade_Reports!$M$3:$M$502,"APPROVED"),""))) | M62: NO | O62: =IF(OR($A62="",ISERROR(SEARCH("_",$A62))),"", $W62) | P62: =IF($A62="","",SUMIFS(Trade_Reports!$U$3:$U$502,Trade_Reports!$H$3:$H$502,$A62,Trade_Reports!$M$3:$M$502,"APPROVED",Trade_Reports!$Q$3:$Q$502,"<="&Settings!$B$4)) -> 0 | Q62: =IF($A62="","",SUMIFS(Trade_Reports!$U$3:$U$502,Trade_Reports!$H$3:$H$502,$A62,Trade_Reports!$M$3:$M$502,"APPROVED",Trade_Reports!$Q$3:$Q$502,"<="&Settings!$B$5)) -> 0 | R62: =IF($A62="","",IF($Q62=0,"",IFERROR(_xludf.MINIFS(Trade_Reports!$I$3:$I$502,Trade_Reports!$H$3:$H$502,$A62,Trade_Reports!$M$3:$M$502,"APPROVED",Trade_Reports!$Q$3:$Q$502,"<="&Settings!$B$5,Trade_Reports!$X$3:$X$502,">="&0.5*$Q62),""))) | S62: =IF($A62="","",COUNTIFS(Trade_Reports!$H$3:$H$502,$A62,Trade_Reports!$M$3:$M$502,"APPROVED",Trade_Reports!$Q$3:$Q$502,"<="&Settings!$B$5)) -> 0 | V62: =IF(OR($A62="",ISERROR(SEARCH("_",$A62))),"",IFERROR(SUMIFS(Trade_Reports!$Z$3:$Z$502,Trade_Reports!$H$3:$H$502,$A62,Trade_Reports!$M$3:$M$502,"APPROVED")/SUMIFS(Trade_Reports!$U$3:$U$502,Trade_Reports!$H$3:$H$502,$A62,Trade_Reports!$M$3:$M$502,"APPROVED"),"")) | W62: =IF($V62="","",IF($V62<1.75,"LOW",IF($V62<2.5,"MID","HIGH")))
A63: MISC_DARK_ROOT | F63: =IF($A63="","",IF($K63<Settings!$B$14,"",IF($P63=0,"",IFERROR(_xludf.MINIFS(Trade_Reports!$I$3:$I$502,Trade_Reports!$H$3:$H$502,$A63,Trade_Reports!$M$3:$M$502,"APPROVED",Trade_Reports!$Q$3:$Q$502,"<="&Settings!$B$4,Trade_Reports!$W$3:$W$502,">="&0.5*$P63),"")))) | G63: =IF($A63="","",IF($K63=0,"",IFERROR(_xludf.MINIFS(Trade_Reports!$I$3:$I$502,Trade_Reports!$H$3:$H$502,$A63,Trade_Reports!$M$3:$M$502,"APPROVED",Trade_Reports!$Q$3:$Q$502,"<="&Settings!$B$4),""))) | H63: =IF($A63="","",IF($K63=0,"",IFERROR(_xludf.MAXIFS(Trade_Reports!$I$3:$I$502,Trade_Reports!$H$3:$H$502,$A63,Trade_Reports!$M$3:$M$502,"APPROVED",Trade_Reports!$Q$3:$Q$502,"<="&Settings!$B$4),""))) | I63: =IF($A63="","",IF($F63="","",IF($Q63="","",IF(ABS($F63-$Q63)/$Q63<=Settings!$B$18,"STABLE",IF($F63>$Q63,"UP","DOWN"))))) | J63: =IF($A63="","",IF($K63=0,"",MIN(100,ROUND($K63/Settings!$B$14*100,0)))) | K63: =IF($A63="","",COUNTIFS(Trade_Reports!$H$3:$H$502,$A63,Trade_Reports!$M$3:$M$502,"APPROVED",Trade_Reports!$Q$3:$Q$502,"<="&Settings!$B$4)) -> 0 | L63: =IF($A63="","",IF($K63=0,"",IFERROR(_xludf.MAXIFS(Trade_Reports!$O$3:$O$502,Trade_Reports!$H$3:$H$502,$A63,Trade_Reports!$M$3:$M$502,"APPROVED"),""))) | M63: NO | O63: =IF(OR($A63="",ISERROR(SEARCH("_",$A63))),"", $W63) | P63: =IF($A63="","",SUMIFS(Trade_Reports!$U$3:$U$502,Trade_Reports!$H$3:$H$502,$A63,Trade_Reports!$M$3:$M$502,"APPROVED",Trade_Reports!$Q$3:$Q$502,"<="&Settings!$B$4)) -> 0 | Q63: =IF($A63="","",SUMIFS(Trade_Reports!$U$3:$U$502,Trade_Reports!$H$3:$H$502,$A63,Trade_Reports!$M$3:$M$502,"APPROVED",Trade_Reports!$Q$3:$Q$502,"<="&Settings!$B$5)) -> 0 | R63: =IF($A63="","",IF($Q63=0,"",IFERROR(_xludf.MINIFS(Trade_Reports!$I$3:$I$502,Trade_Reports!$H$3:$H$502,$A63,Trade_Reports!$M$3:$M$502,"APPROVED",Trade_Reports!$Q$3:$Q$502,"<="&Settings!$B$5,Trade_Reports!$X$3:$X$502,">="&0.5*$Q63),""))) | S63: =IF($A63="","",COUNTIFS(Trade_Reports!$H$3:$H$502,$A63,Trade_Reports!$M$3:$M$502,"APPROVED",Trade_Reports!$Q$3:$Q$502,"<="&Settings!$B$5)) -> 0 | V63: =IF(OR($A63="",ISERROR(SEARCH("_",$A63))),"",IFERROR(SUMIFS(Trade_Reports!$Z$3:$Z$502,Trade_Reports!$H$3:$H$502,$A63,Trade_Reports!$M$3:$M$502,"APPROVED")/SUMIFS(Trade_Reports!$U$3:$U$502,Trade_Reports!$H$3:$H$502,$A63,Trade_Reports!$M$3:$M$502,"APPROVED"),"")) | W63: =IF($V63="","",IF($V63<1.75,"LOW",IF($V63<2.5,"MID","HIGH")))
A64: MISC_SFB | F64: =IF($A64="","",IF($K64<Settings!$B$14,"",IF($P64=0,"",IFERROR(_xludf.MINIFS(Trade_Reports!$I$3:$I$502,Trade_Reports!$H$3:$H$502,$A64,Trade_Reports!$M$3:$M$502,"APPROVED",Trade_Reports!$Q$3:$Q$502,"<="&Settings!$B$4,Trade_Reports!$W$3:$W$502,">="&0.5*$P64),"")))) | G64: =IF($A64="","",IF($K64=0,"",IFERROR(_xludf.MINIFS(Trade_Reports!$I$3:$I$502,Trade_Reports!$H$3:$H$502,$A64,Trade_Reports!$M$3:$M$502,"APPROVED",Trade_Reports!$Q$3:$Q$502,"<="&Settings!$B$4),""))) | H64: =IF($A64="","",IF($K64=0,"",IFERROR(_xludf.MAXIFS(Trade_Reports!$I$3:$I$502,Trade_Reports!$H$3:$H$502,$A64,Trade_Reports!$M$3:$M$502,"APPROVED",Trade_Reports!$Q$3:$Q$502,"<="&Settings!$B$4),""))) | I64: =IF($A64="","",IF($F64="","",IF($Q64="","",IF(ABS($F64-$Q64)/$Q64<=Settings!$B$18,"STABLE",IF($F64>$Q64,"UP","DOWN"))))) | J64: =IF($A64="","",IF($K64=0,"",MIN(100,ROUND($K64/Settings!$B$14*100,0)))) | K64: =IF($A64="","",COUNTIFS(Trade_Reports!$H$3:$H$502,$A64,Trade_Reports!$M$3:$M$502,"APPROVED",Trade_Reports!$Q$3:$Q$502,"<="&Settings!$B$4)) -> 0 | L64: =IF($A64="","",IF($K64=0,"",IFERROR(_xludf.MAXIFS(Trade_Reports!$O$3:$O$502,Trade_Reports!$H$3:$H$502,$A64,Trade_Reports!$M$3:$M$502,"APPROVED"),""))) | M64: NO | O64: =IF(OR($A64="",ISERROR(SEARCH("_",$A64))),"", $W64) | P64: =IF($A64="","",SUMIFS(Trade_Reports!$U$3:$U$502,Trade_Reports!$H$3:$H$502,$A64,Trade_Reports!$M$3:$M$502,"APPROVED",Trade_Reports!$Q$3:$Q$502,"<="&Settings!$B$4)) -> 0 | Q64: =IF($A64="","",SUMIFS(Trade_Reports!$U$3:$U$502,Trade_Reports!$H$3:$H$502,$A64,Trade_Reports!$M$3:$M$502,"APPROVED",Trade_Reports!$Q$3:$Q$502,"<="&Settings!$B$5)) -> 0 | R64: =IF($A64="","",IF($Q64=0,"",IFERROR(_xludf.MINIFS(Trade_Reports!$I$3:$I$502,Trade_Reports!$H$3:$H$502,$A64,Trade_Reports!$M$3:$M$502,"APPROVED",Trade_Reports!$Q$3:$Q$502,"<="&Settings!$B$5,Trade_Reports!$X$3:$X$502,">="&0.5*$Q64),""))) | S64: =IF($A64="","",COUNTIFS(Trade_Reports!$H$3:$H$502,$A64,Trade_Reports!$M$3:$M$502,"APPROVED",Trade_Reports!$Q$3:$Q$502,"<="&Settings!$B$5)) -> 0 | V64: =IF(OR($A64="",ISERROR(SEARCH("_",$A64))),"",IFERROR(SUMIFS(Trade_Reports!$Z$3:$Z$502,Trade_Reports!$H$3:$H$502,$A64,Trade_Reports!$M$3:$M$502,"APPROVED")/SUMIFS(Trade_Reports!$U$3:$U$502,Trade_Reports!$H$3:$H$502,$A64,Trade_Reports!$M$3:$M$502,"APPROVED"),"")) | W64: =IF($V64="","",IF($V64<1.75,"LOW",IF($V64<2.5,"MID","HIGH")))
A65: MISC_GOLDEN_HAMMER | F65: =IF($A65="","",IF($K65<Settings!$B$14,"",IF($P65=0,"",IFERROR(_xludf.MINIFS(Trade_Reports!$I$3:$I$502,Trade_Reports!$H$3:$H$502,$A65,Trade_Reports!$M$3:$M$502,"APPROVED",Trade_Reports!$Q$3:$Q$502,"<="&Settings!$B$4,Trade_Reports!$W$3:$W$502,">="&0.5*$P65),"")))) | G65: =IF($A65="","",IF($K65=0,"",IFERROR(_xludf.MINIFS(Trade_Reports!$I$3:$I$502,Trade_Reports!$H$3:$H$502,$A65,Trade_Reports!$M$3:$M$502,"APPROVED",Trade_Reports!$Q$3:$Q$502,"<="&Settings!$B$4),""))) | H65: =IF($A65="","",IF($K65=0,"",IFERROR(_xludf.MAXIFS(Trade_Reports!$I$3:$I$502,Trade_Reports!$H$3:$H$502,$A65,Trade_Reports!$M$3:$M$502,"APPROVED",Trade_Reports!$Q$3:$Q$502,"<="&Settings!$B$4),""))) | I65: =IF($A65="","",IF($F65="","",IF($Q65="","",IF(ABS($F65-$Q65)/$Q65<=Settings!$B$18,"STABLE",IF($F65>$Q65,"UP","DOWN"))))) | J65: =IF($A65="","",IF($K65=0,"",MIN(100,ROUND($K65/Settings!$B$14*100,0)))) | K65: =IF($A65="","",COUNTIFS(Trade_Reports!$H$3:$H$502,$A65,Trade_Reports!$M$3:$M$502,"APPROVED",Trade_Reports!$Q$3:$Q$502,"<="&Settings!$B$4)) -> 0 | L65: =IF($A65="","",IF($K65=0,"",IFERROR(_xludf.MAXIFS(Trade_Reports!$O$3:$O$502,Trade_Reports!$H$3:$H$502,$A65,Trade_Reports!$M$3:$M$502,"APPROVED"),""))) | M65: NO | O65: =IF(OR($A65="",ISERROR(SEARCH("_",$A65))),"", $W65) | P65: =IF($A65="","",SUMIFS(Trade_Reports!$U$3:$U$502,Trade_Reports!$H$3:$H$502,$A65,Trade_Reports!$M$3:$M$502,"APPROVED",Trade_Reports!$Q$3:$Q$502,"<="&Settings!$B$4)) -> 0 | Q65: =IF($A65="","",SUMIFS(Trade_Reports!$U$3:$U$502,Trade_Reports!$H$3:$H$502,$A65,Trade_Reports!$M$3:$M$502,"APPROVED",Trade_Reports!$Q$3:$Q$502,"<="&Settings!$B$5)) -> 0 | R65: =IF($A65="","",IF($Q65=0,"",IFERROR(_xludf.MINIFS(Trade_Reports!$I$3:$I$502,Trade_Reports!$H$3:$H$502,$A65,Trade_Reports!$M$3:$M$502,"APPROVED",Trade_Reports!$Q$3:$Q$502,"<="&Settings!$B$5,Trade_Reports!$X$3:$X$502,">="&0.5*$Q65),""))) | S65: =IF($A65="","",COUNTIFS(Trade_Reports!$H$3:$H$502,$A65,Trade_Reports!$M$3:$M$502,"APPROVED",Trade_Reports!$Q$3:$Q$502,"<="&Settings!$B$5)) -> 0 | V65: =IF(OR($A65="",ISERROR(SEARCH("_",$A65))),"",IFERROR(SUMIFS(Trade_Reports!$Z$3:$Z$502,Trade_Reports!$H$3:$H$502,$A65,Trade_Reports!$M$3:$M$502,"APPROVED")/SUMIFS(Trade_Reports!$U$3:$U$502,Trade_Reports!$H$3:$H$502,$A65,Trade_Reports!$M$3:$M$502,"APPROVED"),"")) | W65: =IF($V65="","",IF($V65<1.75,"LOW",IF($V65<2.5,"MID","HIGH")))
A66: MISC_DF_JOURNAL | F66: =IF($A66="","",IF($K66<Settings!$B$14,"",IF($P66=0,"",IFERROR(_xludf.MINIFS(Trade_Reports!$I$3:$I$502,Trade_Reports!$H$3:$H$502,$A66,Trade_Reports!$M$3:$M$502,"APPROVED",Trade_Reports!$Q$3:$Q$502,"<="&Settings!$B$4,Trade_Reports!$W$3:$W$502,">="&0.5*$P66),"")))) | G66: =IF($A66="","",IF($K66=0,"",IFERROR(_xludf.MINIFS(Trade_Reports!$I$3:$I$502,Trade_Reports!$H$3:$H$502,$A66,Trade_Reports!$M$3:$M$502,"APPROVED",Trade_Reports!$Q$3:$Q$502,"<="&Settings!$B$4),""))) | H66: =IF($A66="","",IF($K66=0,"",IFERROR(_xludf.MAXIFS(Trade_Reports!$I$3:$I$502,Trade_Reports!$H$3:$H$502,$A66,Trade_Reports!$M$3:$M$502,"APPROVED",Trade_Reports!$Q$3:$Q$502,"<="&Settings!$B$4),""))) | I66: =IF($A66="","",IF($F66="","",IF($Q66="","",IF(ABS($F66-$Q66)/$Q66<=Settings!$B$18,"STABLE",IF($F66>$Q66,"UP","DOWN"))))) | J66: =IF($A66="","",IF($K66=0,"",MIN(100,ROUND($K66/Settings!$B$14*100,0)))) | K66: =IF($A66="","",COUNTIFS(Trade_Reports!$H$3:$H$502,$A66,Trade_Reports!$M$3:$M$502,"APPROVED",Trade_Reports!$Q$3:$Q$502,"<="&Settings!$B$4)) -> 0 | L66: =IF($A66="","",IF($K66=0,"",IFERROR(_xludf.MAXIFS(Trade_Reports!$O$3:$O$502,Trade_Reports!$H$3:$H$502,$A66,Trade_Reports!$M$3:$M$502,"APPROVED"),""))) | M66: NO | O66: =IF(OR($A66="",ISERROR(SEARCH("_",$A66))),"", $W66) | P66: =IF($A66="","",SUMIFS(Trade_Reports!$U$3:$U$502,Trade_Reports!$H$3:$H$502,$A66,Trade_Reports!$M$3:$M$502,"APPROVED",Trade_Reports!$Q$3:$Q$502,"<="&Settings!$B$4)) -> 0 | Q66: =IF($A66="","",SUMIFS(Trade_Reports!$U$3:$U$502,Trade_Reports!$H$3:$H$502,$A66,Trade_Reports!$M$3:$M$502,"APPROVED",Trade_Reports!$Q$3:$Q$502,"<="&Settings!$B$5)) -> 0 | R66: =IF($A66="","",IF($Q66=0,"",IFERROR(_xludf.MINIFS(Trade_Reports!$I$3:$I$502,Trade_Reports!$H$3:$H$502,$A66,Trade_Reports!$M$3:$M$502,"APPROVED",Trade_Reports!$Q$3:$Q$502,"<="&Settings!$B$5,Trade_Reports!$X$3:$X$502,">="&0.5*$Q66),""))) | S66: =IF($A66="","",COUNTIFS(Trade_Reports!$H$3:$H$502,$A66,Trade_Reports!$M$3:$M$502,"APPROVED",Trade_Reports!$Q$3:$Q$502,"<="&Settings!$B$5)) -> 0 | V66: =IF(OR($A66="",ISERROR(SEARCH("_",$A66))),"",IFERROR(SUMIFS(Trade_Reports!$Z$3:$Z$502,Trade_Reports!$H$3:$H$502,$A66,Trade_Reports!$M$3:$M$502,"APPROVED")/SUMIFS(Trade_Reports!$U$3:$U$502,Trade_Reports!$H$3:$H$502,$A66,Trade_Reports!$M$3:$M$502,"APPROVED"),"")) | W66: =IF($V66="","",IF($V66<1.75,"LOW",IF($V66<2.5,"MID","HIGH")))
A67: MISC_KAROO | F67: =IF($A67="","",IF($K67<Settings!$B$14,"",IF($P67=0,"",IFERROR(_xludf.MINIFS(Trade_Reports!$I$3:$I$502,Trade_Reports!$H$3:$H$502,$A67,Trade_Reports!$M$3:$M$502,"APPROVED",Trade_Reports!$Q$3:$Q$502,"<="&Settings!$B$4,Trade_Reports!$W$3:$W$502,">="&0.5*$P67),"")))) | G67: =IF($A67="","",IF($K67=0,"",IFERROR(_xludf.MINIFS(Trade_Reports!$I$3:$I$502,Trade_Reports!$H$3:$H$502,$A67,Trade_Reports!$M$3:$M$502,"APPROVED",Trade_Reports!$Q$3:$Q$502,"<="&Settings!$B$4),""))) | H67: =IF($A67="","",IF($K67=0,"",IFERROR(_xludf.MAXIFS(Trade_Reports!$I$3:$I$502,Trade_Reports!$H$3:$H$502,$A67,Trade_Reports!$M$3:$M$502,"APPROVED",Trade_Reports!$Q$3:$Q$502,"<="&Settings!$B$4),""))) | I67: =IF($A67="","",IF($F67="","",IF($Q67="","",IF(ABS($F67-$Q67)/$Q67<=Settings!$B$18,"STABLE",IF($F67>$Q67,"UP","DOWN"))))) | J67: =IF($A67="","",IF($K67=0,"",MIN(100,ROUND($K67/Settings!$B$14*100,0)))) | K67: =IF($A67="","",COUNTIFS(Trade_Reports!$H$3:$H$502,$A67,Trade_Reports!$M$3:$M$502,"APPROVED",Trade_Reports!$Q$3:$Q$502,"<="&Settings!$B$4)) -> 0 | L67: =IF($A67="","",IF($K67=0,"",IFERROR(_xludf.MAXIFS(Trade_Reports!$O$3:$O$502,Trade_Reports!$H$3:$H$502,$A67,Trade_Reports!$M$3:$M$502,"APPROVED"),""))) | M67: NO | O67: =IF(OR($A67="",ISERROR(SEARCH("_",$A67))),"", $W67) | P67: =IF($A67="","",SUMIFS(Trade_Reports!$U$3:$U$502,Trade_Reports!$H$3:$H$502,$A67,Trade_Reports!$M$3:$M$502,"APPROVED",Trade_Reports!$Q$3:$Q$502,"<="&Settings!$B$4)) -> 0 | Q67: =IF($A67="","",SUMIFS(Trade_Reports!$U$3:$U$502,Trade_Reports!$H$3:$H$502,$A67,Trade_Reports!$M$3:$M$502,"APPROVED",Trade_Reports!$Q$3:$Q$502,"<="&Settings!$B$5)) -> 0 | R67: =IF($A67="","",IF($Q67=0,"",IFERROR(_xludf.MINIFS(Trade_Reports!$I$3:$I$502,Trade_Reports!$H$3:$H$502,$A67,Trade_Reports!$M$3:$M$502,"APPROVED",Trade_Reports!$Q$3:$Q$502,"<="&Settings!$B$5,Trade_Reports!$X$3:$X$502,">="&0.5*$Q67),""))) | S67: =IF($A67="","",COUNTIFS(Trade_Reports!$H$3:$H$502,$A67,Trade_Reports!$M$3:$M$502,"APPROVED",Trade_Reports!$Q$3:$Q$502,"<="&Settings!$B$5)) -> 0 | V67: =IF(OR($A67="",ISERROR(SEARCH("_",$A67))),"",IFERROR(SUMIFS(Trade_Reports!$Z$3:$Z$502,Trade_Reports!$H$3:$H$502,$A67,Trade_Reports!$M$3:$M$502,"APPROVED")/SUMIFS(Trade_Reports!$U$3:$U$502,Trade_Reports!$H$3:$H$502,$A67,Trade_Reports!$M$3:$M$502,"APPROVED"),"")) | W67: =IF($V67="","",IF($V67<1.75,"LOW",IF($V67<2.5,"MID","HIGH")))
F68: =IF($A68="","",IF($K68<Settings!$B$14,"",IF($P68=0,"",IFERROR(_xludf.MINIFS(Trade_Reports!$I$3:$I$502,Trade_Reports!$H$3:$H$502,$A68,Trade_Reports!$M$3:$M$502,"APPROVED",Trade_Reports!$Q$3:$Q$502,"<="&Settings!$B$4,Trade_Reports!$W$3:$W$502,">="&0.5*$P68),"")))) | G68: =IF($A68="","",IF($K68=0,"",IFERROR(_xludf.MINIFS(Trade_Reports!$I$3:$I$502,Trade_Reports!$H$3:$H$502,$A68,Trade_Reports!$M$3:$M$502,"APPROVED",Trade_Reports!$Q$3:$Q$502,"<="&Settings!$B$4),""))) | H68: =IF($A68="","",IF($K68=0,"",IFERROR(_xludf.MAXIFS(Trade_Reports!$I$3:$I$502,Trade_Reports!$H$3:$H$502,$A68,Trade_Reports!$M$3:$M$502,"APPROVED",Trade_Reports!$Q$3:$Q$502,"<="&Settings!$B$4),""))) | I68: =IF($A68="","",IF($F68="","",IF($Q68="","",IF(ABS($F68-$Q68)/$Q68<=Settings!$B$18,"STABLE",IF($F68>$Q68,"UP","DOWN"))))) | J68: =IF($A68="","",IF($K68=0,"",MIN(100,ROUND($K68/Settings!$B$14*100,0)))) | K68: =IF($A68="","",COUNTIFS(Trade_Reports!$H$3:$H$502,$A68,Trade_Reports!$M$3:$M$502,"APPROVED",Trade_Reports!$Q$3:$Q$502,"<="&Settings!$B$4)) | L68: =IF($A68="","",IF($K68=0,"",IFERROR(_xludf.MAXIFS(Trade_Reports!$O$3:$O$502,Trade_Reports!$H$3:$H$502,$A68,Trade_Reports!$M$3:$M$502,"APPROVED"),""))) | M68: NO | O68: =IF(OR($A68="",ISERROR(SEARCH("_",$A68))),"", $W68) | P68: =IF($A68="","",SUMIFS(Trade_Reports!$U$3:$U$502,Trade_Reports!$H$3:$H$502,$A68,Trade_Reports!$M$3:$M$502,"APPROVED",Trade_Reports!$Q$3:$Q$502,"<="&Settings!$B$4)) | Q68: =IF($A68="","",SUMIFS(Trade_Reports!$U$3:$U$502,Trade_Reports!$H$3:$H$502,$A68,Trade_Reports!$M$3:$M$502,"APPROVED",Trade_Reports!$Q$3:$Q$502,"<="&Settings!$B$5)) | R68: =IF($A68="","",IF($Q68=0,"",IFERROR(_xludf.MINIFS(Trade_Reports!$I$3:$I$502,Trade_Reports!$H$3:$H$502,$A68,Trade_Reports!$M$3:$M$502,"APPROVED",Trade_Reports!$Q$3:$Q$502,"<="&Settings!$B$5,Trade_Reports!$X$3:$X$502,">="&0.5*$Q68),""))) | S68: =IF($A68="","",COUNTIFS(Trade_Reports!$H$3:$H$502,$A68,Trade_Reports!$M$3:$M$502,"APPROVED",Trade_Reports!$Q$3:$Q$502,"<="&Settings!$B$5)) | V68: =IF(OR($A68="",ISERROR(SEARCH("_",$A68))),"",IFERROR(SUMIFS(Trade_Reports!$Z$3:$Z$502,Trade_Reports!$H$3:$H$502,$A68,Trade_Reports!$M$3:$M$502,"APPROVED")/SUMIFS(Trade_Reports!$U$3:$U$502,Trade_Reports!$H$3:$H$502,$A68,Trade_Reports!$M$3:$M$502,"APPROVED"),"")) | W68: =IF($V68="","",IF($V68<1.75,"LOW",IF($V68<2.5,"MID","HIGH")))
F69: =IF($A69="","",IF($K69<Settings!$B$14,"",IF($P69=0,"",IFERROR(_xludf.MINIFS(Trade_Reports!$I$3:$I$502,Trade_Reports!$H$3:$H$502,$A69,Trade_Reports!$M$3:$M$502,"APPROVED",Trade_Reports!$Q$3:$Q$502,"<="&Settings!$B$4,Trade_Reports!$W$3:$W$502,">="&0.5*$P69),"")))) | G69: =IF($A69="","",IF($K69=0,"",IFERROR(_xludf.MINIFS(Trade_Reports!$I$3:$I$502,Trade_Reports!$H$3:$H$502,$A69,Trade_Reports!$M$3:$M$502,"APPROVED",Trade_Reports!$Q$3:$Q$502,"<="&Settings!$B$4),""))) | H69: =IF($A69="","",IF($K69=0,"",IFERROR(_xludf.MAXIFS(Trade_Reports!$I$3:$I$502,Trade_Reports!$H$3:$H$502,$A69,Trade_Reports!$M$3:$M$502,"APPROVED",Trade_Reports!$Q$3:$Q$502,"<="&Settings!$B$4),""))) | I69: =IF($A69="","",IF($F69="","",IF($Q69="","",IF(ABS($F69-$Q69)/$Q69<=Settings!$B$18,"STABLE",IF($F69>$Q69,"UP","DOWN"))))) | J69: =IF($A69="","",IF($K69=0,"",MIN(100,ROUND($K69/Settings!$B$14*100,0)))) | K69: =IF($A69="","",COUNTIFS(Trade_Reports!$H$3:$H$502,$A69,Trade_Reports!$M$3:$M$502,"APPROVED",Trade_Reports!$Q$3:$Q$502,"<="&Settings!$B$4)) | L69: =IF($A69="","",IF($K69=0,"",IFERROR(_xludf.MAXIFS(Trade_Reports!$O$3:$O$502,Trade_Reports!$H$3:$H$502,$A69,Trade_Reports!$M$3:$M$502,"APPROVED"),""))) | M69: NO | O69: =IF(OR($A69="",ISERROR(SEARCH("_",$A69))),"", $W69) | P69: =IF($A69="","",SUMIFS(Trade_Reports!$U$3:$U$502,Trade_Reports!$H$3:$H$502,$A69,Trade_Reports!$M$3:$M$502,"APPROVED",Trade_Reports!$Q$3:$Q$502,"<="&Settings!$B$4)) | Q69: =IF($A69="","",SUMIFS(Trade_Reports!$U$3:$U$502,Trade_Reports!$H$3:$H$502,$A69,Trade_Reports!$M$3:$M$502,"APPROVED",Trade_Reports!$Q$3:$Q$502,"<="&Settings!$B$5)) | R69: =IF($A69="","",IF($Q69=0,"",IFERROR(_xludf.MINIFS(Trade_Reports!$I$3:$I$502,Trade_Reports!$H$3:$H$502,$A69,Trade_Reports!$M$3:$M$502,"APPROVED",Trade_Reports!$Q$3:$Q$502,"<="&Settings!$B$5,Trade_Reports!$X$3:$X$502,">="&0.5*$Q69),""))) | S69: =IF($A69="","",COUNTIFS(Trade_Reports!$H$3:$H$502,$A69,Trade_Reports!$M$3:$M$502,"APPROVED",Trade_Reports!$Q$3:$Q$502,"<="&Settings!$B$5)) | V69: =IF(OR($A69="",ISERROR(SEARCH("_",$A69))),"",IFERROR(SUMIFS(Trade_Reports!$Z$3:$Z$502,Trade_Reports!$H$3:$H$502,$A69,Trade_Reports!$M$3:$M$502,"APPROVED")/SUMIFS(Trade_Reports!$U$3:$U$502,Trade_Reports!$H$3:$H$502,$A69,Trade_Reports!$M$3:$M$502,"APPROVED"),"")) | W69: =IF($V69="","",IF($V69<1.75,"LOW",IF($V69<2.5,"MID","HIGH")))
A70: ASE | F70: =IF($A70="","",IF($K70<Settings!$B$14,"",IF($P70=0,"",IFERROR(_xludf.MINIFS(Trade_Reports!$I$3:$I$502,Trade_Reports!$H$3:$H$502,$A70,Trade_Reports!$M$3:$M$502,"APPROVED",Trade_Reports!$Q$3:$Q$502,"<="&Settings!$B$4,Trade_Reports!$W$3:$W$502,">="&0.5*$P70),"")))) | G70: =IF($A70="","",IF($K70=0,"",IFERROR(_xludf.MINIFS(Trade_Reports!$I$3:$I$502,Trade_Reports!$H$3:$H$502,$A70,Trade_Reports!$M$3:$M$502,"APPROVED",Trade_Reports!$Q$3:$Q$502,"<="&Settings!$B$4),""))) | H70: =IF($A70="","",IF($K70=0,"",IFERROR(_xludf.MAXIFS(Trade_Reports!$I$3:$I$502,Trade_Reports!$H$3:$H$502,$A70,Trade_Reports!$M$3:$M$502,"APPROVED",Trade_Reports!$Q$3:$Q$502,"<="&Settings!$B$4),""))) | I70: =IF($A70="","",IF($F70="","",IF($Q70="","",IF(ABS($F70-$Q70)/$Q70<=Settings!$B$18,"STABLE",IF($F70>$Q70,"UP","DOWN"))))) | J70: =IF($A70="","",IF($K70=0,"",MIN(100,ROUND($K70/Settings!$B$14*100,0)))) | K70: =IF($A70="","",COUNTIFS(Trade_Reports!$H$3:$H$502,$A70,Trade_Reports!$M$3:$M$502,"APPROVED",Trade_Reports!$Q$3:$Q$502,"<="&Settings!$B$4)) -> 0 | L70: =IF($A70="","",IF($K70=0,"",IFERROR(_xludf.MAXIFS(Trade_Reports!$O$3:$O$502,Trade_Reports!$H$3:$H$502,$A70,Trade_Reports!$M$3:$M$502,"APPROVED"),""))) | M70: NO | O70: =IF(OR($A70="",ISERROR(SEARCH("_",$A70))),"", $W70) | P70: =IF($A70="","",SUMIFS(Trade_Reports!$U$3:$U$502,Trade_Reports!$H$3:$H$502,$A70,Trade_Reports!$M$3:$M$502,"APPROVED",Trade_Reports!$Q$3:$Q$502,"<="&Settings!$B$4)) -> 0 | Q70: =IF($A70="","",SUMIFS(Trade_Reports!$U$3:$U$502,Trade_Reports!$H$3:$H$502,$A70,Trade_Reports!$M$3:$M$502,"APPROVED",Trade_Reports!$Q$3:$Q$502,"<="&Settings!$B$5)) -> 0 | R70: =IF($A70="","",IF($Q70=0,"",IFERROR(_xludf.MINIFS(Trade_Reports!$I$3:$I$502,Trade_Reports!$H$3:$H$502,$A70,Trade_Reports!$M$3:$M$502,"APPROVED",Trade_Reports!$Q$3:$Q$502,"<="&Settings!$B$5,Trade_Reports!$X$3:$X$502,">="&0.5*$Q70),""))) | S70: =IF($A70="","",COUNTIFS(Trade_Reports!$H$3:$H$502,$A70,Trade_Reports!$M$3:$M$502,"APPROVED",Trade_Reports!$Q$3:$Q$502,"<="&Settings!$B$5)) -> 0 | V70: =IF(OR($A70="",ISERROR(SEARCH("_",$A70))),"",IFERROR(SUMIFS(Trade_Reports!$Z$3:$Z$502,Trade_Reports!$H$3:$H$502,$A70,Trade_Reports!$M$3:$M$502,"APPROVED")/SUMIFS(Trade_Reports!$U$3:$U$502,Trade_Reports!$H$3:$H$502,$A70,Trade_Reports!$M$3:$M$502,"APPROVED"),"")) | W70: =IF($V70="","",IF($V70<1.75,"LOW",IF($V70<2.5,"MID","HIGH")))
A71: ASE_ASE | F71: =IF($A71="","",IF($K71<Settings!$B$14,"",IF($P71=0,"",IFERROR(_xludf.MINIFS(Trade_Reports!$I$3:$I$502,Trade_Reports!$H$3:$H$502,$A71,Trade_Reports!$M$3:$M$502,"APPROVED",Trade_Reports!$Q$3:$Q$502,"<="&Settings!$B$4,Trade_Reports!$W$3:$W$502,">="&0.5*$P71),"")))) | G71: =IF($A71="","",IF($K71=0,"",IFERROR(_xludf.MINIFS(Trade_Reports!$I$3:$I$502,Trade_Reports!$H$3:$H$502,$A71,Trade_Reports!$M$3:$M$502,"APPROVED",Trade_Reports!$Q$3:$Q$502,"<="&Settings!$B$4),""))) | H71: =IF($A71="","",IF($K71=0,"",IFERROR(_xludf.MAXIFS(Trade_Reports!$I$3:$I$502,Trade_Reports!$H$3:$H$502,$A71,Trade_Reports!$M$3:$M$502,"APPROVED",Trade_Reports!$Q$3:$Q$502,"<="&Settings!$B$4),""))) | I71: =IF($A71="","",IF($F71="","",IF($Q71="","",IF(ABS($F71-$Q71)/$Q71<=Settings!$B$18,"STABLE",IF($F71>$Q71,"UP","DOWN"))))) | J71: =IF($A71="","",IF($K71=0,"",MIN(100,ROUND($K71/Settings!$B$14*100,0)))) | K71: =IF($A71="","",COUNTIFS(Trade_Reports!$H$3:$H$502,$A71,Trade_Reports!$M$3:$M$502,"APPROVED",Trade_Reports!$Q$3:$Q$502,"<="&Settings!$B$4)) -> 0 | L71: =IF($A71="","",IF($K71=0,"",IFERROR(_xludf.MAXIFS(Trade_Reports!$O$3:$O$502,Trade_Reports!$H$3:$H$502,$A71,Trade_Reports!$M$3:$M$502,"APPROVED"),""))) | M71: NO | O71: =IF(OR($A71="",ISERROR(SEARCH("_",$A71))),"", $W71) | P71: =IF($A71="","",SUMIFS(Trade_Reports!$U$3:$U$502,Trade_Reports!$H$3:$H$502,$A71,Trade_Reports!$M$3:$M$502,"APPROVED",Trade_Reports!$Q$3:$Q$502,"<="&Settings!$B$4)) -> 0 | Q71: =IF($A71="","",SUMIFS(Trade_Reports!$U$3:$U$502,Trade_Reports!$H$3:$H$502,$A71,Trade_Reports!$M$3:$M$502,"APPROVED",Trade_Reports!$Q$3:$Q$502,"<="&Settings!$B$5)) -> 0 | R71: =IF($A71="","",IF($Q71=0,"",IFERROR(_xludf.MINIFS(Trade_Reports!$I$3:$I$502,Trade_Reports!$H$3:$H$502,$A71,Trade_Reports!$M$3:$M$502,"APPROVED",Trade_Reports!$Q$3:$Q$502,"<="&Settings!$B$5,Trade_Reports!$X$3:$X$502,">="&0.5*$Q71),""))) | S71: =IF($A71="","",COUNTIFS(Trade_Reports!$H$3:$H$502,$A71,Trade_Reports!$M$3:$M$502,"APPROVED",Trade_Reports!$Q$3:$Q$502,"<="&Settings!$B$5)) -> 0 | V71: =IF(OR($A71="",ISERROR(SEARCH("_",$A71))),"",IFERROR(SUMIFS(Trade_Reports!$Z$3:$Z$502,Trade_Reports!$H$3:$H$502,$A71,Trade_Reports!$M$3:$M$502,"APPROVED")/SUMIFS(Trade_Reports!$U$3:$U$502,Trade_Reports!$H$3:$H$502,$A71,Trade_Reports!$M$3:$M$502,"APPROVED"),"")) | W71: =IF($V71="","",IF($V71<1.75,"LOW",IF($V71<2.5,"MID","HIGH")))
A72: ASE_CHROMATIC | F72: =IF($A72="","",IF($K72<Settings!$B$14,"",IF($P72=0,"",IFERROR(_xludf.MINIFS(Trade_Reports!$I$3:$I$502,Trade_Reports!$H$3:$H$502,$A72,Trade_Reports!$M$3:$M$502,"APPROVED",Trade_Reports!$Q$3:$Q$502,"<="&Settings!$B$4,Trade_Reports!$W$3:$W$502,">="&0.5*$P72),"")))) | G72: =IF($A72="","",IF($K72=0,"",IFERROR(_xludf.MINIFS(Trade_Reports!$I$3:$I$502,Trade_Reports!$H$3:$H$502,$A72,Trade_Reports!$M$3:$M$502,"APPROVED",Trade_Reports!$Q$3:$Q$502,"<="&Settings!$B$4),""))) | H72: =IF($A72="","",IF($K72=0,"",IFERROR(_xludf.MAXIFS(Trade_Reports!$I$3:$I$502,Trade_Reports!$H$3:$H$502,$A72,Trade_Reports!$M$3:$M$502,"APPROVED",Trade_Reports!$Q$3:$Q$502,"<="&Settings!$B$4),""))) | I72: =IF($A72="","",IF($F72="","",IF($Q72="","",IF(ABS($F72-$Q72)/$Q72<=Settings!$B$18,"STABLE",IF($F72>$Q72,"UP","DOWN"))))) | J72: =IF($A72="","",IF($K72=0,"",MIN(100,ROUND($K72/Settings!$B$14*100,0)))) | K72: =IF($A72="","",COUNTIFS(Trade_Reports!$H$3:$H$502,$A72,Trade_Reports!$M$3:$M$502,"APPROVED",Trade_Reports!$Q$3:$Q$502,"<="&Settings!$B$4)) -> 0 | L72: =IF($A72="","",IF($K72=0,"",IFERROR(_xludf.MAXIFS(Trade_Reports!$O$3:$O$502,Trade_Reports!$H$3:$H$502,$A72,Trade_Reports!$M$3:$M$502,"APPROVED"),""))) | M72: NO | O72: =IF(OR($A72="",ISERROR(SEARCH("_",$A72))),"", $W72) | P72: =IF($A72="","",SUMIFS(Trade_Reports!$U$3:$U$502,Trade_Reports!$H$3:$H$502,$A72,Trade_Reports!$M$3:$M$502,"APPROVED",Trade_Reports!$Q$3:$Q$502,"<="&Settings!$B$4)) -> 0 | Q72: =IF($A72="","",SUMIFS(Trade_Reports!$U$3:$U$502,Trade_Reports!$H$3:$H$502,$A72,Trade_Reports!$M$3:$M$502,"APPROVED",Trade_Reports!$Q$3:$Q$502,"<="&Settings!$B$5)) -> 0 | R72: =IF($A72="","",IF($Q72=0,"",IFERROR(_xludf.MINIFS(Trade_Reports!$I$3:$I$502,Trade_Reports!$H$3:$H$502,$A72,Trade_Reports!$M$3:$M$502,"APPROVED",Trade_Reports!$Q$3:$Q$502,"<="&Settings!$B$5,Trade_Reports!$X$3:$X$502,">="&0.5*$Q72),""))) | S72: =IF($A72="","",COUNTIFS(Trade_Reports!$H$3:$H$502,$A72,Trade_Reports!$M$3:$M$502,"APPROVED",Trade_Reports!$Q$3:$Q$502,"<="&Settings!$B$5)) -> 0 | V72: =IF(OR($A72="",ISERROR(SEARCH("_",$A72))),"",IFERROR(SUMIFS(Trade_Reports!$Z$3:$Z$502,Trade_Reports!$H$3:$H$502,$A72,Trade_Reports!$M$3:$M$502,"APPROVED")/SUMIFS(Trade_Reports!$U$3:$U$502,Trade_Reports!$H$3:$H$502,$A72,Trade_Reports!$M$3:$M$502,"APPROVED"),"")) | W72: =IF($V72="","",IF($V72<1.75,"LOW",IF($V72<2.5,"MID","HIGH")))
A73: ASE_BLO | F73: =IF($A73="","",IF($K73<Settings!$B$14,"",IF($P73=0,"",IFERROR(_xludf.MINIFS(Trade_Reports!$I$3:$I$502,Trade_Reports!$H$3:$H$502,$A73,Trade_Reports!$M$3:$M$502,"APPROVED",Trade_Reports!$Q$3:$Q$502,"<="&Settings!$B$4,Trade_Reports!$W$3:$W$502,">="&0.5*$P73),"")))) | G73: =IF($A73="","",IF($K73=0,"",IFERROR(_xludf.MINIFS(Trade_Reports!$I$3:$I$502,Trade_Reports!$H$3:$H$502,$A73,Trade_Reports!$M$3:$M$502,"APPROVED",Trade_Reports!$Q$3:$Q$502,"<="&Settings!$B$4),""))) | H73: =IF($A73="","",IF($K73=0,"",IFERROR(_xludf.MAXIFS(Trade_Reports!$I$3:$I$502,Trade_Reports!$H$3:$H$502,$A73,Trade_Reports!$M$3:$M$502,"APPROVED",Trade_Reports!$Q$3:$Q$502,"<="&Settings!$B$4),""))) | I73: =IF($A73="","",IF($F73="","",IF($Q73="","",IF(ABS($F73-$Q73)/$Q73<=Settings!$B$18,"STABLE",IF($F73>$Q73,"UP","DOWN"))))) | J73: =IF($A73="","",IF($K73=0,"",MIN(100,ROUND($K73/Settings!$B$14*100,0)))) | K73: =IF($A73="","",COUNTIFS(Trade_Reports!$H$3:$H$502,$A73,Trade_Reports!$M$3:$M$502,"APPROVED",Trade_Reports!$Q$3:$Q$502,"<="&Settings!$B$4)) -> 0 | L73: =IF($A73="","",IF($K73=0,"",IFERROR(_xludf.MAXIFS(Trade_Reports!$O$3:$O$502,Trade_Reports!$H$3:$H$502,$A73,Trade_Reports!$M$3:$M$502,"APPROVED"),""))) | M73: NO | O73: =IF(OR($A73="",ISERROR(SEARCH("_",$A73))),"", $W73) | P73: =IF($A73="","",SUMIFS(Trade_Reports!$U$3:$U$502,Trade_Reports!$H$3:$H$502,$A73,Trade_Reports!$M$3:$M$502,"APPROVED",Trade_Reports!$Q$3:$Q$502,"<="&Settings!$B$4)) -> 0 | Q73: =IF($A73="","",SUMIFS(Trade_Reports!$U$3:$U$502,Trade_Reports!$H$3:$H$502,$A73,Trade_Reports!$M$3:$M$502,"APPROVED",Trade_Reports!$Q$3:$Q$502,"<="&Settings!$B$5)) -> 0 | R73: =IF($A73="","",IF($Q73=0,"",IFERROR(_xludf.MINIFS(Trade_Reports!$I$3:$I$502,Trade_Reports!$H$3:$H$502,$A73,Trade_Reports!$M$3:$M$502,"APPROVED",Trade_Reports!$Q$3:$Q$502,"<="&Settings!$B$5,Trade_Reports!$X$3:$X$502,">="&0.5*$Q73),""))) | S73: =IF($A73="","",COUNTIFS(Trade_Reports!$H$3:$H$502,$A73,Trade_Reports!$M$3:$M$502,"APPROVED",Trade_Reports!$Q$3:$Q$502,"<="&Settings!$B$5)) -> 0 | V73: =IF(OR($A73="",ISERROR(SEARCH("_",$A73))),"",IFERROR(SUMIFS(Trade_Reports!$Z$3:$Z$502,Trade_Reports!$H$3:$H$502,$A73,Trade_Reports!$M$3:$M$502,"APPROVED")/SUMIFS(Trade_Reports!$U$3:$U$502,Trade_Reports!$H$3:$H$502,$A73,Trade_Reports!$M$3:$M$502,"APPROVED"),"")) | W73: =IF($V73="","",IF($V73<1.75,"LOW",IF($V73<2.5,"MID","HIGH")))
A74: ASE_HOLLY | F74: =IF($A74="","",IF($K74<Settings!$B$14,"",IF($P74=0,"",IFERROR(_xludf.MINIFS(Trade_Reports!$I$3:$I$502,Trade_Reports!$H$3:$H$502,$A74,Trade_Reports!$M$3:$M$502,"APPROVED",Trade_Reports!$Q$3:$Q$502,"<="&Settings!$B$4,Trade_Reports!$W$3:$W$502,">="&0.5*$P74),"")))) | G74: =IF($A74="","",IF($K74=0,"",IFERROR(_xludf.MINIFS(Trade_Reports!$I$3:$I$502,Trade_Reports!$H$3:$H$502,$A74,Trade_Reports!$M$3:$M$502,"APPROVED",Trade_Reports!$Q$3:$Q$502,"<="&Settings!$B$4),""))) | H74: =IF($A74="","",IF($K74=0,"",IFERROR(_xludf.MAXIFS(Trade_Reports!$I$3:$I$502,Trade_Reports!$H$3:$H$502,$A74,Trade_Reports!$M$3:$M$502,"APPROVED",Trade_Reports!$Q$3:$Q$502,"<="&Settings!$B$4),""))) | I74: =IF($A74="","",IF($F74="","",IF($Q74="","",IF(ABS($F74-$Q74)/$Q74<=Settings!$B$18,"STABLE",IF($F74>$Q74,"UP","DOWN"))))) | J74: =IF($A74="","",IF($K74=0,"",MIN(100,ROUND($K74/Settings!$B$14*100,0)))) | K74: =IF($A74="","",COUNTIFS(Trade_Reports!$H$3:$H$502,$A74,Trade_Reports!$M$3:$M$502,"APPROVED",Trade_Reports!$Q$3:$Q$502,"<="&Settings!$B$4)) -> 0 | L74: =IF($A74="","",IF($K74=0,"",IFERROR(_xludf.MAXIFS(Trade_Reports!$O$3:$O$502,Trade_Reports!$H$3:$H$502,$A74,Trade_Reports!$M$3:$M$502,"APPROVED"),""))) | M74: NO | O74: =IF(OR($A74="",ISERROR(SEARCH("_",$A74))),"", $W74) | P74: =IF($A74="","",SUMIFS(Trade_Reports!$U$3:$U$502,Trade_Reports!$H$3:$H$502,$A74,Trade_Reports!$M$3:$M$502,"APPROVED",Trade_Reports!$Q$3:$Q$502,"<="&Settings!$B$4)) -> 0 | Q74: =IF($A74="","",SUMIFS(Trade_Reports!$U$3:$U$502,Trade_Reports!$H$3:$H$502,$A74,Trade_Reports!$M$3:$M$502,"APPROVED",Trade_Reports!$Q$3:$Q$502,"<="&Settings!$B$5)) -> 0 | R74: =IF($A74="","",IF($Q74=0,"",IFERROR(_xludf.MINIFS(Trade_Reports!$I$3:$I$502,Trade_Reports!$H$3:$H$502,$A74,Trade_Reports!$M$3:$M$502,"APPROVED",Trade_Reports!$Q$3:$Q$502,"<="&Settings!$B$5,Trade_Reports!$X$3:$X$502,">="&0.5*$Q74),""))) | S74: =IF($A74="","",COUNTIFS(Trade_Reports!$H$3:$H$502,$A74,Trade_Reports!$M$3:$M$502,"APPROVED",Trade_Reports!$Q$3:$Q$502,"<="&Settings!$B$5)) -> 0 | V74: =IF(OR($A74="",ISERROR(SEARCH("_",$A74))),"",IFERROR(SUMIFS(Trade_Reports!$Z$3:$Z$502,Trade_Reports!$H$3:$H$502,$A74,Trade_Reports!$M$3:$M$502,"APPROVED")/SUMIFS(Trade_Reports!$U$3:$U$502,Trade_Reports!$H$3:$H$502,$A74,Trade_Reports!$M$3:$M$502,"APPROVED"),"")) | W74: =IF($V74="","",IF($V74<1.75,"LOW",IF($V74<2.5,"MID","HIGH")))
A75: ASE_BAAL | F75: =IF($A75="","",IF($K75<Settings!$B$14,"",IF($P75=0,"",IFERROR(_xludf.MINIFS(Trade_Reports!$I$3:$I$502,Trade_Reports!$H$3:$H$502,$A75,Trade_Reports!$M$3:$M$502,"APPROVED",Trade_Reports!$Q$3:$Q$502,"<="&Settings!$B$4,Trade_Reports!$W$3:$W$502,">="&0.5*$P75),"")))) | G75: =IF($A75="","",IF($K75=0,"",IFERROR(_xludf.MINIFS(Trade_Reports!$I$3:$I$502,Trade_Reports!$H$3:$H$502,$A75,Trade_Reports!$M$3:$M$502,"APPROVED",Trade_Reports!$Q$3:$Q$502,"<="&Settings!$B$4),""))) | H75: =IF($A75="","",IF($K75=0,"",IFERROR(_xludf.MAXIFS(Trade_Reports!$I$3:$I$502,Trade_Reports!$H$3:$H$502,$A75,Trade_Reports!$M$3:$M$502,"APPROVED",Trade_Reports!$Q$3:$Q$502,"<="&Settings!$B$4),""))) | I75: =IF($A75="","",IF($F75="","",IF($Q75="","",IF(ABS($F75-$Q75)/$Q75<=Settings!$B$18,"STABLE",IF($F75>$Q75,"UP","DOWN"))))) | J75: =IF($A75="","",IF($K75=0,"",MIN(100,ROUND($K75/Settings!$B$14*100,0)))) | K75: =IF($A75="","",COUNTIFS(Trade_Reports!$H$3:$H$502,$A75,Trade_Reports!$M$3:$M$502,"APPROVED",Trade_Reports!$Q$3:$Q$502,"<="&Settings!$B$4)) -> 0 | L75: =IF($A75="","",IF($K75=0,"",IFERROR(_xludf.MAXIFS(Trade_Reports!$O$3:$O$502,Trade_Reports!$H$3:$H$502,$A75,Trade_Reports!$M$3:$M$502,"APPROVED"),""))) | M75: NO | O75: =IF(OR($A75="",ISERROR(SEARCH("_",$A75))),"", $W75) | P75: =IF($A75="","",SUMIFS(Trade_Reports!$U$3:$U$502,Trade_Reports!$H$3:$H$502,$A75,Trade_Reports!$M$3:$M$502,"APPROVED",Trade_Reports!$Q$3:$Q$502,"<="&Settings!$B$4)) -> 0 | Q75: =IF($A75="","",SUMIFS(Trade_Reports!$U$3:$U$502,Trade_Reports!$H$3:$H$502,$A75,Trade_Reports!$M$3:$M$502,"APPROVED",Trade_Reports!$Q$3:$Q$502,"<="&Settings!$B$5)) -> 0 | R75: =IF($A75="","",IF($Q75=0,"",IFERROR(_xludf.MINIFS(Trade_Reports!$I$3:$I$502,Trade_Reports!$H$3:$H$502,$A75,Trade_Reports!$M$3:$M$502,"APPROVED",Trade_Reports!$Q$3:$Q$502,"<="&Settings!$B$5,Trade_Reports!$X$3:$X$502,">="&0.5*$Q75),""))) | S75: =IF($A75="","",COUNTIFS(Trade_Reports!$H$3:$H$502,$A75,Trade_Reports!$M$3:$M$502,"APPROVED",Trade_Reports!$Q$3:$Q$502,"<="&Settings!$B$5)) -> 0 | V75: =IF(OR($A75="",ISERROR(SEARCH("_",$A75))),"",IFERROR(SUMIFS(Trade_Reports!$Z$3:$Z$502,Trade_Reports!$H$3:$H$502,$A75,Trade_Reports!$M$3:$M$502,"APPROVED")/SUMIFS(Trade_Reports!$U$3:$U$502,Trade_Reports!$H$3:$H$502,$A75,Trade_Reports!$M$3:$M$502,"APPROVED"),"")) | W75: =IF($V75="","",IF($V75<1.75,"LOW",IF($V75<2.5,"MID","HIGH")))
F76: =IF($A76="","",IF($K76<Settings!$B$14,"",IF($P76=0,"",IFERROR(_xludf.MINIFS(Trade_Reports!$I$3:$I$502,Trade_Reports!$H$3:$H$502,$A76,Trade_Reports!$M$3:$M$502,"APPROVED",Trade_Reports!$Q$3:$Q$502,"<="&Settings!$B$4,Trade_Reports!$W$3:$W$502,">="&0.5*$P76),"")))) | G76: =IF($A76="","",IF($K76=0,"",IFERROR(_xludf.MINIFS(Trade_Reports!$I$3:$I$502,Trade_Reports!$H$3:$H$502,$A76,Trade_Reports!$M$3:$M$502,"APPROVED",Trade_Reports!$Q$3:$Q$502,"<="&Settings!$B$4),""))) | H76: =IF($A76="","",IF($K76=0,"",IFERROR(_xludf.MAXIFS(Trade_Reports!$I$3:$I$502,Trade_Reports!$H$3:$H$502,$A76,Trade_Reports!$M$3:$M$502,"APPROVED",Trade_Reports!$Q$3:$Q$502,"<="&Settings!$B$4),""))) | I76: =IF($A76="","",IF($F76="","",IF($Q76="","",IF(ABS($F76-$Q76)/$Q76<=Settings!$B$18,"STABLE",IF($F76>$Q76,"UP","DOWN"))))) | J76: =IF($A76="","",IF($K76=0,"",MIN(100,ROUND($K76/Settings!$B$14*100,0)))) | K76: =IF($A76="","",COUNTIFS(Trade_Reports!$H$3:$H$502,$A76,Trade_Reports!$M$3:$M$502,"APPROVED",Trade_Reports!$Q$3:$Q$502,"<="&Settings!$B$4)) | L76: =IF($A76="","",IF($K76=0,"",IFERROR(_xludf.MAXIFS(Trade_Reports!$O$3:$O$502,Trade_Reports!$H$3:$H$502,$A76,Trade_Reports!$M$3:$M$502,"APPROVED"),""))) | M76: NO | O76: =IF(OR($A76="",ISERROR(SEARCH("_",$A76))),"", $W76) | P76: =IF($A76="","",SUMIFS(Trade_Reports!$U$3:$U$502,Trade_Reports!$H$3:$H$502,$A76,Trade_Reports!$M$3:$M$502,"APPROVED",Trade_Reports!$Q$3:$Q$502,"<="&Settings!$B$4)) | Q76: =IF($A76="","",SUMIFS(Trade_Reports!$U$3:$U$502,Trade_Reports!$H$3:$H$502,$A76,Trade_Reports!$M$3:$M$502,"APPROVED",Trade_Reports!$Q$3:$Q$502,"<="&Settings!$B$5)) | R76: =IF($A76="","",IF($Q76=0,"",IFERROR(_xludf.MINIFS(Trade_Reports!$I$3:$I$502,Trade_Reports!$H$3:$H$502,$A76,Trade_Reports!$M$3:$M$502,"APPROVED",Trade_Reports!$Q$3:$Q$502,"<="&Settings!$B$5,Trade_Reports!$X$3:$X$502,">="&0.5*$Q76),""))) | S76: =IF($A76="","",COUNTIFS(Trade_Reports!$H$3:$H$502,$A76,Trade_Reports!$M$3:$M$502,"APPROVED",Trade_Reports!$Q$3:$Q$502,"<="&Settings!$B$5)) | V76: =IF(OR($A76="",ISERROR(SEARCH("_",$A76))),"",IFERROR(SUMIFS(Trade_Reports!$Z$3:$Z$502,Trade_Reports!$H$3:$H$502,$A76,Trade_Reports!$M$3:$M$502,"APPROVED")/SUMIFS(Trade_Reports!$U$3:$U$502,Trade_Reports!$H$3:$H$502,$A76,Trade_Reports!$M$3:$M$502,"APPROVED"),"")) | W76: =IF($V76="","",IF($V76<1.75,"LOW",IF($V76<2.5,"MID","HIGH")))
F77: =IF($A77="","",IF($K77<Settings!$B$14,"",IF($P77=0,"",IFERROR(_xludf.MINIFS(Trade_Reports!$I$3:$I$502,Trade_Reports!$H$3:$H$502,$A77,Trade_Reports!$M$3:$M$502,"APPROVED",Trade_Reports!$Q$3:$Q$502,"<="&Settings!$B$4,Trade_Reports!$W$3:$W$502,">="&0.5*$P77),"")))) | G77: =IF($A77="","",IF($K77=0,"",IFERROR(_xludf.MINIFS(Trade_Reports!$I$3:$I$502,Trade_Reports!$H$3:$H$502,$A77,Trade_Reports!$M$3:$M$502,"APPROVED",Trade_Reports!$Q$3:$Q$502,"<="&Settings!$B$4),""))) | H77: =IF($A77="","",IF($K77=0,"",IFERROR(_xludf.MAXIFS(Trade_Reports!$I$3:$I$502,Trade_Reports!$H$3:$H$502,$A77,Trade_Reports!$M$3:$M$502,"APPROVED",Trade_Reports!$Q$3:$Q$502,"<="&Settings!$B$4),""))) | I77: =IF($A77="","",IF($F77="","",IF($Q77="","",IF(ABS($F77-$Q77)/$Q77<=Settings!$B$18,"STABLE",IF($F77>$Q77,"UP","DOWN"))))) | J77: =IF($A77="","",IF($K77=0,"",MIN(100,ROUND($K77/Settings!$B$14*100,0)))) | K77: =IF($A77="","",COUNTIFS(Trade_Reports!$H$3:$H$502,$A77,Trade_Reports!$M$3:$M$502,"APPROVED",Trade_Reports!$Q$3:$Q$502,"<="&Settings!$B$4)) | L77: =IF($A77="","",IF($K77=0,"",IFERROR(_xludf.MAXIFS(Trade_Reports!$O$3:$O$502,Trade_Reports!$H$3:$H$502,$A77,Trade_Reports!$M$3:$M$502,"APPROVED"),""))) | M77: NO | O77: =IF(OR($A77="",ISERROR(SEARCH("_",$A77))),"", $W77) | P77: =IF($A77="","",SUMIFS(Trade_Reports!$U$3:$U$502,Trade_Reports!$H$3:$H$502,$A77,Trade_Reports!$M$3:$M$502,"APPROVED",Trade_Reports!$Q$3:$Q$502,"<="&Settings!$B$4)) | Q77: =IF($A77="","",SUMIFS(Trade_Reports!$U$3:$U$502,Trade_Reports!$H$3:$H$502,$A77,Trade_Reports!$M$3:$M$502,"APPROVED",Trade_Reports!$Q$3:$Q$502,"<="&Settings!$B$5)) | R77: =IF($A77="","",IF($Q77=0,"",IFERROR(_xludf.MINIFS(Trade_Reports!$I$3:$I$502,Trade_Reports!$H$3:$H$502,$A77,Trade_Reports!$M$3:$M$502,"APPROVED",Trade_Reports!$Q$3:$Q$502,"<="&Settings!$B$5,Trade_Reports!$X$3:$X$502,">="&0.5*$Q77),""))) | S77: =IF($A77="","",COUNTIFS(Trade_Reports!$H$3:$H$502,$A77,Trade_Reports!$M$3:$M$502,"APPROVED",Trade_Reports!$Q$3:$Q$502,"<="&Settings!$B$5)) | V77: =IF(OR($A77="",ISERROR(SEARCH("_",$A77))),"",IFERROR(SUMIFS(Trade_Reports!$Z$3:$Z$502,Trade_Reports!$H$3:$H$502,$A77,Trade_Reports!$M$3:$M$502,"APPROVED")/SUMIFS(Trade_Reports!$U$3:$U$502,Trade_Reports!$H$3:$H$502,$A77,Trade_Reports!$M$3:$M$502,"APPROVED"),"")) | W77: =IF($V77="","",IF($V77<1.75,"LOW",IF($V77<2.5,"MID","HIGH")))
F78: =IF($A78="","",IF($K78<Settings!$B$14,"",IF($P78=0,"",IFERROR(_xludf.MINIFS(Trade_Reports!$I$3:$I$502,Trade_Reports!$H$3:$H$502,$A78,Trade_Reports!$M$3:$M$502,"APPROVED",Trade_Reports!$Q$3:$Q$502,"<="&Settings!$B$4,Trade_Reports!$W$3:$W$502,">="&0.5*$P78),"")))) | G78: =IF($A78="","",IF($K78=0,"",IFERROR(_xludf.MINIFS(Trade_Reports!$I$3:$I$502,Trade_Reports!$H$3:$H$502,$A78,Trade_Reports!$M$3:$M$502,"APPROVED",Trade_Reports!$Q$3:$Q$502,"<="&Settings!$B$4),""))) | H78: =IF($A78="","",IF($K78=0,"",IFERROR(_xludf.MAXIFS(Trade_Reports!$I$3:$I$502,Trade_Reports!$H$3:$H$502,$A78,Trade_Reports!$M$3:$M$502,"APPROVED",Trade_Reports!$Q$3:$Q$502,"<="&Settings!$B$4),""))) | I78: =IF($A78="","",IF($F78="","",IF($Q78="","",IF(ABS($F78-$Q78)/$Q78<=Settings!$B$18,"STABLE",IF($F78>$Q78,"UP","DOWN"))))) | J78: =IF($A78="","",IF($K78=0,"",MIN(100,ROUND($K78/Settings!$B$14*100,0)))) | K78: =IF($A78="","",COUNTIFS(Trade_Reports!$H$3:$H$502,$A78,Trade_Reports!$M$3:$M$502,"APPROVED",Trade_Reports!$Q$3:$Q$502,"<="&Settings!$B$4)) | L78: =IF($A78="","",IF($K78=0,"",IFERROR(_xludf.MAXIFS(Trade_Reports!$O$3:$O$502,Trade_Reports!$H$3:$H$502,$A78,Trade_Reports!$M$3:$M$502,"APPROVED"),""))) | M78: NO | O78: =IF(OR($A78="",ISERROR(SEARCH("_",$A78))),"", $W78) | P78: =IF($A78="","",SUMIFS(Trade_Reports!$U$3:$U$502,Trade_Reports!$H$3:$H$502,$A78,Trade_Reports!$M$3:$M$502,"APPROVED",Trade_Reports!$Q$3:$Q$502,"<="&Settings!$B$4)) | Q78: =IF($A78="","",SUMIFS(Trade_Reports!$U$3:$U$502,Trade_Reports!$H$3:$H$502,$A78,Trade_Reports!$M$3:$M$502,"APPROVED",Trade_Reports!$Q$3:$Q$502,"<="&Settings!$B$5)) | R78: =IF($A78="","",IF($Q78=0,"",IFERROR(_xludf.MINIFS(Trade_Reports!$I$3:$I$502,Trade_Reports!$H$3:$H$502,$A78,Trade_Reports!$M$3:$M$502,"APPROVED",Trade_Reports!$Q$3:$Q$502,"<="&Settings!$B$5,Trade_Reports!$X$3:$X$502,">="&0.5*$Q78),""))) | S78: =IF($A78="","",COUNTIFS(Trade_Reports!$H$3:$H$502,$A78,Trade_Reports!$M$3:$M$502,"APPROVED",Trade_Reports!$Q$3:$Q$502,"<="&Settings!$B$5)) | V78: =IF(OR($A78="",ISERROR(SEARCH("_",$A78))),"",IFERROR(SUMIFS(Trade_Reports!$Z$3:$Z$502,Trade_Reports!$H$3:$H$502,$A78,Trade_Reports!$M$3:$M$502,"APPROVED")/SUMIFS(Trade_Reports!$U$3:$U$502,Trade_Reports!$H$3:$H$502,$A78,Trade_Reports!$M$3:$M$502,"APPROVED"),"")) | W78: =IF($V78="","",IF($V78<1.75,"LOW",IF($V78<2.5,"MID","HIGH")))
F79: =IF($A79="","",IF($K79<Settings!$B$14,"",IF($P79=0,"",IFERROR(_xludf.MINIFS(Trade_Reports!$I$3:$I$502,Trade_Reports!$H$3:$H$502,$A79,Trade_Reports!$M$3:$M$502,"APPROVED",Trade_Reports!$Q$3:$Q$502,"<="&Settings!$B$4,Trade_Reports!$W$3:$W$502,">="&0.5*$P79),"")))) | G79: =IF($A79="","",IF($K79=0,"",IFERROR(_xludf.MINIFS(Trade_Reports!$I$3:$I$502,Trade_Reports!$H$3:$H$502,$A79,Trade_Reports!$M$3:$M$502,"APPROVED",Trade_Reports!$Q$3:$Q$502,"<="&Settings!$B$4),""))) | H79: =IF($A79="","",IF($K79=0,"",IFERROR(_xludf.MAXIFS(Trade_Reports!$I$3:$I$502,Trade_Reports!$H$3:$H$502,$A79,Trade_Reports!$M$3:$M$502,"APPROVED",Trade_Reports!$Q$3:$Q$502,"<="&Settings!$B$4),""))) | I79: =IF($A79="","",IF($F79="","",IF($Q79="","",IF(ABS($F79-$Q79)/$Q79<=Settings!$B$18,"STABLE",IF($F79>$Q79,"UP","DOWN"))))) | J79: =IF($A79="","",IF($K79=0,"",MIN(100,ROUND($K79/Settings!$B$14*100,0)))) | K79: =IF($A79="","",COUNTIFS(Trade_Reports!$H$3:$H$502,$A79,Trade_Reports!$M$3:$M$502,"APPROVED",Trade_Reports!$Q$3:$Q$502,"<="&Settings!$B$4)) | L79: =IF($A79="","",IF($K79=0,"",IFERROR(_xludf.MAXIFS(Trade_Reports!$O$3:$O$502,Trade_Reports!$H$3:$H$502,$A79,Trade_Reports!$M$3:$M$502,"APPROVED"),""))) | M79: NO | O79: =IF(OR($A79="",ISERROR(SEARCH("_",$A79))),"", $W79) | P79: =IF($A79="","",SUMIFS(Trade_Reports!$U$3:$U$502,Trade_Reports!$H$3:$H$502,$A79,Trade_Reports!$M$3:$M$502,"APPROVED",Trade_Reports!$Q$3:$Q$502,"<="&Settings!$B$4)) | Q79: =IF($A79="","",SUMIFS(Trade_Reports!$U$3:$U$502,Trade_Reports!$H$3:$H$502,$A79,Trade_Reports!$M$3:$M$502,"APPROVED",Trade_Reports!$Q$3:$Q$502,"<="&Settings!$B$5)) | R79: =IF($A79="","",IF($Q79=0,"",IFERROR(_xludf.MINIFS(Trade_Reports!$I$3:$I$502,Trade_Reports!$H$3:$H$502,$A79,Trade_Reports!$M$3:$M$502,"APPROVED",Trade_Reports!$Q$3:$Q$502,"<="&Settings!$B$5,Trade_Reports!$X$3:$X$502,">="&0.5*$Q79),""))) | S79: =IF($A79="","",COUNTIFS(Trade_Reports!$H$3:$H$502,$A79,Trade_Reports!$M$3:$M$502,"APPROVED",Trade_Reports!$Q$3:$Q$502,"<="&Settings!$B$5)) | V79: =IF(OR($A79="",ISERROR(SEARCH("_",$A79))),"",IFERROR(SUMIFS(Trade_Reports!$Z$3:$Z$502,Trade_Reports!$H$3:$H$502,$A79,Trade_Reports!$M$3:$M$502,"APPROVED")/SUMIFS(Trade_Reports!$U$3:$U$502,Trade_Reports!$H$3:$H$502,$A79,Trade_Reports!$M$3:$M$502,"APPROVED"),"")) | W79: =IF($V79="","",IF($V79<1.75,"LOW",IF($V79<2.5,"MID","HIGH")))
A80: SHIP | F80: =IF($A80="","",IF($K80<Settings!$B$14,"",IF($P80=0,"",IFERROR(_xludf.MINIFS(Trade_Reports!$I$3:$I$502,Trade_Reports!$H$3:$H$502,$A80,Trade_Reports!$M$3:$M$502,"APPROVED",Trade_Reports!$Q$3:$Q$502,"<="&Settings!$B$4,Trade_Reports!$W$3:$W$502,">="&0.5*$P80),"")))) | G80: =IF($A80="","",IF($K80=0,"",IFERROR(_xludf.MINIFS(Trade_Reports!$I$3:$I$502,Trade_Reports!$H$3:$H$502,$A80,Trade_Reports!$M$3:$M$502,"APPROVED",Trade_Reports!$Q$3:$Q$502,"<="&Settings!$B$4),""))) | H80: =IF($A80="","",IF($K80=0,"",IFERROR(_xludf.MAXIFS(Trade_Reports!$I$3:$I$502,Trade_Reports!$H$3:$H$502,$A80,Trade_Reports!$M$3:$M$502,"APPROVED",Trade_Reports!$Q$3:$Q$502,"<="&Settings!$B$4),""))) | I80: =IF($A80="","",IF($F80="","",IF($Q80="","",IF(ABS($F80-$Q80)/$Q80<=Settings!$B$18,"STABLE",IF($F80>$Q80,"UP","DOWN"))))) | J80: =IF($A80="","",IF($K80=0,"",MIN(100,ROUND($K80/Settings!$B$14*100,0)))) | K80: =IF($A80="","",COUNTIFS(Trade_Reports!$H$3:$H$502,$A80,Trade_Reports!$M$3:$M$502,"APPROVED",Trade_Reports!$Q$3:$Q$502,"<="&Settings!$B$4)) -> 0 | L80: =IF($A80="","",IF($K80=0,"",IFERROR(_xludf.MAXIFS(Trade_Reports!$O$3:$O$502,Trade_Reports!$H$3:$H$502,$A80,Trade_Reports!$M$3:$M$502,"APPROVED"),""))) | M80: NO | O80: =IF(OR($A80="",ISERROR(SEARCH("_",$A80))),"", $W80) | P80: =IF($A80="","",SUMIFS(Trade_Reports!$U$3:$U$502,Trade_Reports!$H$3:$H$502,$A80,Trade_Reports!$M$3:$M$502,"APPROVED",Trade_Reports!$Q$3:$Q$502,"<="&Settings!$B$4)) -> 0 | Q80: =IF($A80="","",SUMIFS(Trade_Reports!$U$3:$U$502,Trade_Reports!$H$3:$H$502,$A80,Trade_Reports!$M$3:$M$502,"APPROVED",Trade_Reports!$Q$3:$Q$502,"<="&Settings!$B$5)) -> 0 | R80: =IF($A80="","",IF($Q80=0,"",IFERROR(_xludf.MINIFS(Trade_Reports!$I$3:$I$502,Trade_Reports!$H$3:$H$502,$A80,Trade_Reports!$M$3:$M$502,"APPROVED",Trade_Reports!$Q$3:$Q$502,"<="&Settings!$B$5,Trade_Reports!$X$3:$X$502,">="&0.5*$Q80),""))) | S80: =IF($A80="","",COUNTIFS(Trade_Reports!$H$3:$H$502,$A80,Trade_Reports!$M$3:$M$502,"APPROVED",Trade_Reports!$Q$3:$Q$502,"<="&Settings!$B$5)) -> 0 | V80: =IF(OR($A80="",ISERROR(SEARCH("_",$A80))),"",IFERROR(SUMIFS(Trade_Reports!$Z$3:$Z$502,Trade_Reports!$H$3:$H$502,$A80,Trade_Reports!$M$3:$M$502,"APPROVED")/SUMIFS(Trade_Reports!$U$3:$U$502,Trade_Reports!$H$3:$H$502,$A80,Trade_Reports!$M$3:$M$502,"APPROVED"),"")) | W80: =IF($V80="","",IF($V80<1.75,"LOW",IF($V80<2.5,"MID","HIGH")))
A81: SHIP_THRILLER | F81: =IF($A81="","",IF($K81<Settings!$B$14,"",IF($P81=0,"",IFERROR(_xludf.MINIFS(Trade_Reports!$I$3:$I$502,Trade_Reports!$H$3:$H$502,$A81,Trade_Reports!$M$3:$M$502,"APPROVED",Trade_Reports!$Q$3:$Q$502,"<="&Settings!$B$4,Trade_Reports!$W$3:$W$502,">="&0.5*$P81),"")))) | G81: =IF($A81="","",IF($K81=0,"",IFERROR(_xludf.MINIFS(Trade_Reports!$I$3:$I$502,Trade_Reports!$H$3:$H$502,$A81,Trade_Reports!$M$3:$M$502,"APPROVED",Trade_Reports!$Q$3:$Q$502,"<="&Settings!$B$4),""))) | H81: =IF($A81="","",IF($K81=0,"",IFERROR(_xludf.MAXIFS(Trade_Reports!$I$3:$I$502,Trade_Reports!$H$3:$H$502,$A81,Trade_Reports!$M$3:$M$502,"APPROVED",Trade_Reports!$Q$3:$Q$502,"<="&Settings!$B$4),""))) | I81: =IF($A81="","",IF($F81="","",IF($Q81="","",IF(ABS($F81-$Q81)/$Q81<=Settings!$B$18,"STABLE",IF($F81>$Q81,"UP","DOWN"))))) | J81: =IF($A81="","",IF($K81=0,"",MIN(100,ROUND($K81/Settings!$B$14*100,0)))) | K81: =IF($A81="","",COUNTIFS(Trade_Reports!$H$3:$H$502,$A81,Trade_Reports!$M$3:$M$502,"APPROVED",Trade_Reports!$Q$3:$Q$502,"<="&Settings!$B$4)) -> 0 | L81: =IF($A81="","",IF($K81=0,"",IFERROR(_xludf.MAXIFS(Trade_Reports!$O$3:$O$502,Trade_Reports!$H$3:$H$502,$A81,Trade_Reports!$M$3:$M$502,"APPROVED"),""))) | M81: NO | O81: =IF(OR($A81="",ISERROR(SEARCH("_",$A81))),"", $W81) | P81: =IF($A81="","",SUMIFS(Trade_Reports!$U$3:$U$502,Trade_Reports!$H$3:$H$502,$A81,Trade_Reports!$M$3:$M$502,"APPROVED",Trade_Reports!$Q$3:$Q$502,"<="&Settings!$B$4)) -> 0 | Q81: =IF($A81="","",SUMIFS(Trade_Reports!$U$3:$U$502,Trade_Reports!$H$3:$H$502,$A81,Trade_Reports!$M$3:$M$502,"APPROVED",Trade_Reports!$Q$3:$Q$502,"<="&Settings!$B$5)) -> 0 | R81: =IF($A81="","",IF($Q81=0,"",IFERROR(_xludf.MINIFS(Trade_Reports!$I$3:$I$502,Trade_Reports!$H$3:$H$502,$A81,Trade_Reports!$M$3:$M$502,"APPROVED",Trade_Reports!$Q$3:$Q$502,"<="&Settings!$B$5,Trade_Reports!$X$3:$X$502,">="&0.5*$Q81),""))) | S81: =IF($A81="","",COUNTIFS(Trade_Reports!$H$3:$H$502,$A81,Trade_Reports!$M$3:$M$502,"APPROVED",Trade_Reports!$Q$3:$Q$502,"<="&Settings!$B$5)) -> 0 | V81: =IF(OR($A81="",ISERROR(SEARCH("_",$A81))),"",IFERROR(SUMIFS(Trade_Reports!$Z$3:$Z$502,Trade_Reports!$H$3:$H$502,$A81,Trade_Reports!$M$3:$M$502,"APPROVED")/SUMIFS(Trade_Reports!$U$3:$U$502,Trade_Reports!$H$3:$H$502,$A81,Trade_Reports!$M$3:$M$502,"APPROVED"),"")) | W81: =IF($V81="","",IF($V81<1.75,"LOW",IF($V81<2.5,"MID","HIGH")))
A82: SHIP_HOVERBOARD | F82: =IF($A82="","",IF($K82<Settings!$B$14,"",IF($P82=0,"",IFERROR(_xludf.MINIFS(Trade_Reports!$I$3:$I$502,Trade_Reports!$H$3:$H$502,$A82,Trade_Reports!$M$3:$M$502,"APPROVED",Trade_Reports!$Q$3:$Q$502,"<="&Settings!$B$4,Trade_Reports!$W$3:$W$502,">="&0.5*$P82),"")))) | G82: =IF($A82="","",IF($K82=0,"",IFERROR(_xludf.MINIFS(Trade_Reports!$I$3:$I$502,Trade_Reports!$H$3:$H$502,$A82,Trade_Reports!$M$3:$M$502,"APPROVED",Trade_Reports!$Q$3:$Q$502,"<="&Settings!$B$4),""))) | H82: =IF($A82="","",IF($K82=0,"",IFERROR(_xludf.MAXIFS(Trade_Reports!$I$3:$I$502,Trade_Reports!$H$3:$H$502,$A82,Trade_Reports!$M$3:$M$502,"APPROVED",Trade_Reports!$Q$3:$Q$502,"<="&Settings!$B$4),""))) | I82: =IF($A82="","",IF($F82="","",IF($Q82="","",IF(ABS($F82-$Q82)/$Q82<=Settings!$B$18,"STABLE",IF($F82>$Q82,"UP","DOWN"))))) | J82: =IF($A82="","",IF($K82=0,"",MIN(100,ROUND($K82/Settings!$B$14*100,0)))) | K82: =IF($A82="","",COUNTIFS(Trade_Reports!$H$3:$H$502,$A82,Trade_Reports!$M$3:$M$502,"APPROVED",Trade_Reports!$Q$3:$Q$502,"<="&Settings!$B$4)) -> 0 | L82: =IF($A82="","",IF($K82=0,"",IFERROR(_xludf.MAXIFS(Trade_Reports!$O$3:$O$502,Trade_Reports!$H$3:$H$502,$A82,Trade_Reports!$M$3:$M$502,"APPROVED"),""))) | M82: NO | O82: =IF(OR($A82="",ISERROR(SEARCH("_",$A82))),"", $W82) | P82: =IF($A82="","",SUMIFS(Trade_Reports!$U$3:$U$502,Trade_Reports!$H$3:$H$502,$A82,Trade_Reports!$M$3:$M$502,"APPROVED",Trade_Reports!$Q$3:$Q$502,"<="&Settings!$B$4)) -> 0 | Q82: =IF($A82="","",SUMIFS(Trade_Reports!$U$3:$U$502,Trade_Reports!$H$3:$H$502,$A82,Trade_Reports!$M$3:$M$502,"APPROVED",Trade_Reports!$Q$3:$Q$502,"<="&Settings!$B$5)) -> 0 | R82: =IF($A82="","",IF($Q82=0,"",IFERROR(_xludf.MINIFS(Trade_Reports!$I$3:$I$502,Trade_Reports!$H$3:$H$502,$A82,Trade_Reports!$M$3:$M$502,"APPROVED",Trade_Reports!$Q$3:$Q$502,"<="&Settings!$B$5,Trade_Reports!$X$3:$X$502,">="&0.5*$Q82),""))) | S82: =IF($A82="","",COUNTIFS(Trade_Reports!$H$3:$H$502,$A82,Trade_Reports!$M$3:$M$502,"APPROVED",Trade_Reports!$Q$3:$Q$502,"<="&Settings!$B$5)) -> 0 | V82: =IF(OR($A82="",ISERROR(SEARCH("_",$A82))),"",IFERROR(SUMIFS(Trade_Reports!$Z$3:$Z$502,Trade_Reports!$H$3:$H$502,$A82,Trade_Reports!$M$3:$M$502,"APPROVED")/SUMIFS(Trade_Reports!$U$3:$U$502,Trade_Reports!$H$3:$H$502,$A82,Trade_Reports!$M$3:$M$502,"APPROVED"),"")) | W82: =IF($V82="","",IF($V82<1.75,"LOW",IF($V82<2.5,"MID","HIGH")))
A83: SHIP_COFFIN | F83: =IF($A83="","",IF($K83<Settings!$B$14,"",IF($P83=0,"",IFERROR(_xludf.MINIFS(Trade_Reports!$I$3:$I$502,Trade_Reports!$H$3:$H$502,$A83,Trade_Reports!$M$3:$M$502,"APPROVED",Trade_Reports!$Q$3:$Q$502,"<="&Settings!$B$4,Trade_Reports!$W$3:$W$502,">="&0.5*$P83),"")))) | G83: =IF($A83="","",IF($K83=0,"",IFERROR(_xludf.MINIFS(Trade_Reports!$I$3:$I$502,Trade_Reports!$H$3:$H$502,$A83,Trade_Reports!$M$3:$M$502,"APPROVED",Trade_Reports!$Q$3:$Q$502,"<="&Settings!$B$4),""))) | H83: =IF($A83="","",IF($K83=0,"",IFERROR(_xludf.MAXIFS(Trade_Reports!$I$3:$I$502,Trade_Reports!$H$3:$H$502,$A83,Trade_Reports!$M$3:$M$502,"APPROVED",Trade_Reports!$Q$3:$Q$502,"<="&Settings!$B$4),""))) | I83: =IF($A83="","",IF($F83="","",IF($Q83="","",IF(ABS($F83-$Q83)/$Q83<=Settings!$B$18,"STABLE",IF($F83>$Q83,"UP","DOWN"))))) | J83: =IF($A83="","",IF($K83=0,"",MIN(100,ROUND($K83/Settings!$B$14*100,0)))) | K83: =IF($A83="","",COUNTIFS(Trade_Reports!$H$3:$H$502,$A83,Trade_Reports!$M$3:$M$502,"APPROVED",Trade_Reports!$Q$3:$Q$502,"<="&Settings!$B$4)) -> 0 | L83: =IF($A83="","",IF($K83=0,"",IFERROR(_xludf.MAXIFS(Trade_Reports!$O$3:$O$502,Trade_Reports!$H$3:$H$502,$A83,Trade_Reports!$M$3:$M$502,"APPROVED"),""))) | M83: NO | O83: =IF(OR($A83="",ISERROR(SEARCH("_",$A83))),"", $W83) | P83: =IF($A83="","",SUMIFS(Trade_Reports!$U$3:$U$502,Trade_Reports!$H$3:$H$502,$A83,Trade_Reports!$M$3:$M$502,"APPROVED",Trade_Reports!$Q$3:$Q$502,"<="&Settings!$B$4)) -> 0 | Q83: =IF($A83="","",SUMIFS(Trade_Reports!$U$3:$U$502,Trade_Reports!$H$3:$H$502,$A83,Trade_Reports!$M$3:$M$502,"APPROVED",Trade_Reports!$Q$3:$Q$502,"<="&Settings!$B$5)) -> 0 | R83: =IF($A83="","",IF($Q83=0,"",IFERROR(_xludf.MINIFS(Trade_Reports!$I$3:$I$502,Trade_Reports!$H$3:$H$502,$A83,Trade_Reports!$M$3:$M$502,"APPROVED",Trade_Reports!$Q$3:$Q$502,"<="&Settings!$B$5,Trade_Reports!$X$3:$X$502,">="&0.5*$Q83),""))) | S83: =IF($A83="","",COUNTIFS(Trade_Reports!$H$3:$H$502,$A83,Trade_Reports!$M$3:$M$502,"APPROVED",Trade_Reports!$Q$3:$Q$502,"<="&Settings!$B$5)) -> 0 | V83: =IF(OR($A83="",ISERROR(SEARCH("_",$A83))),"",IFERROR(SUMIFS(Trade_Reports!$Z$3:$Z$502,Trade_Reports!$H$3:$H$502,$A83,Trade_Reports!$M$3:$M$502,"APPROVED")/SUMIFS(Trade_Reports!$U$3:$U$502,Trade_Reports!$H$3:$H$502,$A83,Trade_Reports!$M$3:$M$502,"APPROVED"),"")) | W83: =IF($V83="","",IF($V83<1.75,"LOW",IF($V83<2.5,"MID","HIGH")))
A84: SHIP_STRIKER | F84: =IF($A84="","",IF($K84<Settings!$B$14,"",IF($P84=0,"",IFERROR(_xludf.MINIFS(Trade_Reports!$I$3:$I$502,Trade_Reports!$H$3:$H$502,$A84,Trade_Reports!$M$3:$M$502,"APPROVED",Trade_Reports!$Q$3:$Q$502,"<="&Settings!$B$4,Trade_Reports!$W$3:$W$502,">="&0.5*$P84),"")))) | G84: =IF($A84="","",IF($K84=0,"",IFERROR(_xludf.MINIFS(Trade_Reports!$I$3:$I$502,Trade_Reports!$H$3:$H$502,$A84,Trade_Reports!$M$3:$M$502,"APPROVED",Trade_Reports!$Q$3:$Q$502,"<="&Settings!$B$4),""))) | H84: =IF($A84="","",IF($K84=0,"",IFERROR(_xludf.MAXIFS(Trade_Reports!$I$3:$I$502,Trade_Reports!$H$3:$H$502,$A84,Trade_Reports!$M$3:$M$502,"APPROVED",Trade_Reports!$Q$3:$Q$502,"<="&Settings!$B$4),""))) | I84: =IF($A84="","",IF($F84="","",IF($Q84="","",IF(ABS($F84-$Q84)/$Q84<=Settings!$B$18,"STABLE",IF($F84>$Q84,"UP","DOWN"))))) | J84: =IF($A84="","",IF($K84=0,"",MIN(100,ROUND($K84/Settings!$B$14*100,0)))) | K84: =IF($A84="","",COUNTIFS(Trade_Reports!$H$3:$H$502,$A84,Trade_Reports!$M$3:$M$502,"APPROVED",Trade_Reports!$Q$3:$Q$502,"<="&Settings!$B$4)) -> 0 | L84: =IF($A84="","",IF($K84=0,"",IFERROR(_xludf.MAXIFS(Trade_Reports!$O$3:$O$502,Trade_Reports!$H$3:$H$502,$A84,Trade_Reports!$M$3:$M$502,"APPROVED"),""))) | M84: NO | O84: =IF(OR($A84="",ISERROR(SEARCH("_",$A84))),"", $W84) | P84: =IF($A84="","",SUMIFS(Trade_Reports!$U$3:$U$502,Trade_Reports!$H$3:$H$502,$A84,Trade_Reports!$M$3:$M$502,"APPROVED",Trade_Reports!$Q$3:$Q$502,"<="&Settings!$B$4)) -> 0 | Q84: =IF($A84="","",SUMIFS(Trade_Reports!$U$3:$U$502,Trade_Reports!$H$3:$H$502,$A84,Trade_Reports!$M$3:$M$502,"APPROVED",Trade_Reports!$Q$3:$Q$502,"<="&Settings!$B$5)) -> 0 | R84: =IF($A84="","",IF($Q84=0,"",IFERROR(_xludf.MINIFS(Trade_Reports!$I$3:$I$502,Trade_Reports!$H$3:$H$502,$A84,Trade_Reports!$M$3:$M$502,"APPROVED",Trade_Reports!$Q$3:$Q$502,"<="&Settings!$B$5,Trade_Reports!$X$3:$X$502,">="&0.5*$Q84),""))) | S84: =IF($A84="","",COUNTIFS(Trade_Reports!$H$3:$H$502,$A84,Trade_Reports!$M$3:$M$502,"APPROVED",Trade_Reports!$Q$3:$Q$502,"<="&Settings!$B$5)) -> 0 | V84: =IF(OR($A84="",ISERROR(SEARCH("_",$A84))),"",IFERROR(SUMIFS(Trade_Reports!$Z$3:$Z$502,Trade_Reports!$H$3:$H$502,$A84,Trade_Reports!$M$3:$M$502,"APPROVED")/SUMIFS(Trade_Reports!$U$3:$U$502,Trade_Reports!$H$3:$H$502,$A84,Trade_Reports!$M$3:$M$502,"APPROVED"),"")) | W84: =IF($V84="","",IF($V84<1.75,"LOW",IF($V84<2.5,"MID","HIGH")))
F85: =IF($A85="","",IF($K85<Settings!$B$14,"",IF($P85=0,"",IFERROR(_xludf.MINIFS(Trade_Reports!$I$3:$I$502,Trade_Reports!$H$3:$H$502,$A85,Trade_Reports!$M$3:$M$502,"APPROVED",Trade_Reports!$Q$3:$Q$502,"<="&Settings!$B$4,Trade_Reports!$W$3:$W$502,">="&0.5*$P85),"")))) | G85: =IF($A85="","",IF($K85=0,"",IFERROR(_xludf.MINIFS(Trade_Reports!$I$3:$I$502,Trade_Reports!$H$3:$H$502,$A85,Trade_Reports!$M$3:$M$502,"APPROVED",Trade_Reports!$Q$3:$Q$502,"<="&Settings!$B$4),""))) | H85: =IF($A85="","",IF($K85=0,"",IFERROR(_xludf.MAXIFS(Trade_Reports!$I$3:$I$502,Trade_Reports!$H$3:$H$502,$A85,Trade_Reports!$M$3:$M$502,"APPROVED",Trade_Reports!$Q$3:$Q$502,"<="&Settings!$B$4),""))) | I85: =IF($A85="","",IF($F85="","",IF($Q85="","",IF(ABS($F85-$Q85)/$Q85<=Settings!$B$18,"STABLE",IF($F85>$Q85,"UP","DOWN"))))) | J85: =IF($A85="","",IF($K85=0,"",MIN(100,ROUND($K85/Settings!$B$14*100,0)))) | K85: =IF($A85="","",COUNTIFS(Trade_Reports!$H$3:$H$502,$A85,Trade_Reports!$M$3:$M$502,"APPROVED",Trade_Reports!$Q$3:$Q$502,"<="&Settings!$B$4)) | L85: =IF($A85="","",IF($K85=0,"",IFERROR(_xludf.MAXIFS(Trade_Reports!$O$3:$O$502,Trade_Reports!$H$3:$H$502,$A85,Trade_Reports!$M$3:$M$502,"APPROVED"),""))) | M85: NO | O85: =IF(OR($A85="",ISERROR(SEARCH("_",$A85))),"", $W85) | P85: =IF($A85="","",SUMIFS(Trade_Reports!$U$3:$U$502,Trade_Reports!$H$3:$H$502,$A85,Trade_Reports!$M$3:$M$502,"APPROVED",Trade_Reports!$Q$3:$Q$502,"<="&Settings!$B$4)) | Q85: =IF($A85="","",SUMIFS(Trade_Reports!$U$3:$U$502,Trade_Reports!$H$3:$H$502,$A85,Trade_Reports!$M$3:$M$502,"APPROVED",Trade_Reports!$Q$3:$Q$502,"<="&Settings!$B$5)) | R85: =IF($A85="","",IF($Q85=0,"",IFERROR(_xludf.MINIFS(Trade_Reports!$I$3:$I$502,Trade_Reports!$H$3:$H$502,$A85,Trade_Reports!$M$3:$M$502,"APPROVED",Trade_Reports!$Q$3:$Q$502,"<="&Settings!$B$5,Trade_Reports!$X$3:$X$502,">="&0.5*$Q85),""))) | S85: =IF($A85="","",COUNTIFS(Trade_Reports!$H$3:$H$502,$A85,Trade_Reports!$M$3:$M$502,"APPROVED",Trade_Reports!$Q$3:$Q$502,"<="&Settings!$B$5)) | V85: =IF(OR($A85="",ISERROR(SEARCH("_",$A85))),"",IFERROR(SUMIFS(Trade_Reports!$Z$3:$Z$502,Trade_Reports!$H$3:$H$502,$A85,Trade_Reports!$M$3:$M$502,"APPROVED")/SUMIFS(Trade_Reports!$U$3:$U$502,Trade_Reports!$H$3:$H$502,$A85,Trade_Reports!$M$3:$M$502,"APPROVED"),"")) | W85: =IF($V85="","",IF($V85<1.75,"LOW",IF($V85<2.5,"MID","HIGH")))
F86: =IF($A86="","",IF($K86<Settings!$B$14,"",IF($P86=0,"",IFERROR(_xludf.MINIFS(Trade_Reports!$I$3:$I$502,Trade_Reports!$H$3:$H$502,$A86,Trade_Reports!$M$3:$M$502,"APPROVED",Trade_Reports!$Q$3:$Q$502,"<="&Settings!$B$4,Trade_Reports!$W$3:$W$502,">="&0.5*$P86),"")))) | G86: =IF($A86="","",IF($K86=0,"",IFERROR(_xludf.MINIFS(Trade_Reports!$I$3:$I$502,Trade_Reports!$H$3:$H$502,$A86,Trade_Reports!$M$3:$M$502,"APPROVED",Trade_Reports!$Q$3:$Q$502,"<="&Settings!$B$4),""))) | H86: =IF($A86="","",IF($K86=0,"",IFERROR(_xludf.MAXIFS(Trade_Reports!$I$3:$I$502,Trade_Reports!$H$3:$H$502,$A86,Trade_Reports!$M$3:$M$502,"APPROVED",Trade_Reports!$Q$3:$Q$502,"<="&Settings!$B$4),""))) | I86: =IF($A86="","",IF($F86="","",IF($Q86="","",IF(ABS($F86-$Q86)/$Q86<=Settings!$B$18,"STABLE",IF($F86>$Q86,"UP","DOWN"))))) | J86: =IF($A86="","",IF($K86=0,"",MIN(100,ROUND($K86/Settings!$B$14*100,0)))) | K86: =IF($A86="","",COUNTIFS(Trade_Reports!$H$3:$H$502,$A86,Trade_Reports!$M$3:$M$502,"APPROVED",Trade_Reports!$Q$3:$Q$502,"<="&Settings!$B$4)) | L86: =IF($A86="","",IF($K86=0,"",IFERROR(_xludf.MAXIFS(Trade_Reports!$O$3:$O$502,Trade_Reports!$H$3:$H$502,$A86,Trade_Reports!$M$3:$M$502,"APPROVED"),""))) | M86: NO | O86: =IF(OR($A86="",ISERROR(SEARCH("_",$A86))),"", $W86) | P86: =IF($A86="","",SUMIFS(Trade_Reports!$U$3:$U$502,Trade_Reports!$H$3:$H$502,$A86,Trade_Reports!$M$3:$M$502,"APPROVED",Trade_Reports!$Q$3:$Q$502,"<="&Settings!$B$4)) | Q86: =IF($A86="","",SUMIFS(Trade_Reports!$U$3:$U$502,Trade_Reports!$H$3:$H$502,$A86,Trade_Reports!$M$3:$M$502,"APPROVED",Trade_Reports!$Q$3:$Q$502,"<="&Settings!$B$5)) | R86: =IF($A86="","",IF($Q86=0,"",IFERROR(_xludf.MINIFS(Trade_Reports!$I$3:$I$502,Trade_Reports!$H$3:$H$502,$A86,Trade_Reports!$M$3:$M$502,"APPROVED",Trade_Reports!$Q$3:$Q$502,"<="&Settings!$B$5,Trade_Reports!$X$3:$X$502,">="&0.5*$Q86),""))) | S86: =IF($A86="","",COUNTIFS(Trade_Reports!$H$3:$H$502,$A86,Trade_Reports!$M$3:$M$502,"APPROVED",Trade_Reports!$Q$3:$Q$502,"<="&Settings!$B$5)) | V86: =IF(OR($A86="",ISERROR(SEARCH("_",$A86))),"",IFERROR(SUMIFS(Trade_Reports!$Z$3:$Z$502,Trade_Reports!$H$3:$H$502,$A86,Trade_Reports!$M$3:$M$502,"APPROVED")/SUMIFS(Trade_Reports!$U$3:$U$502,Trade_Reports!$H$3:$H$502,$A86,Trade_Reports!$M$3:$M$502,"APPROVED"),"")) | W86: =IF($V86="","",IF($V86<1.75,"LOW",IF($V86<2.5,"MID","HIGH")))
F87: =IF($A87="","",IF($K87<Settings!$B$14,"",IF($P87=0,"",IFERROR(_xludf.MINIFS(Trade_Reports!$I$3:$I$502,Trade_Reports!$H$3:$H$502,$A87,Trade_Reports!$M$3:$M$502,"APPROVED",Trade_Reports!$Q$3:$Q$502,"<="&Settings!$B$4,Trade_Reports!$W$3:$W$502,">="&0.5*$P87),"")))) | G87: =IF($A87="","",IF($K87=0,"",IFERROR(_xludf.MINIFS(Trade_Reports!$I$3:$I$502,Trade_Reports!$H$3:$H$502,$A87,Trade_Reports!$M$3:$M$502,"APPROVED",Trade_Reports!$Q$3:$Q$502,"<="&Settings!$B$4),""))) | H87: =IF($A87="","",IF($K87=0,"",IFERROR(_xludf.MAXIFS(Trade_Reports!$I$3:$I$502,Trade_Reports!$H$3:$H$502,$A87,Trade_Reports!$M$3:$M$502,"APPROVED",Trade_Reports!$Q$3:$Q$502,"<="&Settings!$B$4),""))) | I87: =IF($A87="","",IF($F87="","",IF($Q87="","",IF(ABS($F87-$Q87)/$Q87<=Settings!$B$18,"STABLE",IF($F87>$Q87,"UP","DOWN"))))) | J87: =IF($A87="","",IF($K87=0,"",MIN(100,ROUND($K87/Settings!$B$14*100,0)))) | K87: =IF($A87="","",COUNTIFS(Trade_Reports!$H$3:$H$502,$A87,Trade_Reports!$M$3:$M$502,"APPROVED",Trade_Reports!$Q$3:$Q$502,"<="&Settings!$B$4)) | L87: =IF($A87="","",IF($K87=0,"",IFERROR(_xludf.MAXIFS(Trade_Reports!$O$3:$O$502,Trade_Reports!$H$3:$H$502,$A87,Trade_Reports!$M$3:$M$502,"APPROVED"),""))) | M87: NO | O87: =IF(OR($A87="",ISERROR(SEARCH("_",$A87))),"", $W87) | P87: =IF($A87="","",SUMIFS(Trade_Reports!$U$3:$U$502,Trade_Reports!$H$3:$H$502,$A87,Trade_Reports!$M$3:$M$502,"APPROVED",Trade_Reports!$Q$3:$Q$502,"<="&Settings!$B$4)) | Q87: =IF($A87="","",SUMIFS(Trade_Reports!$U$3:$U$502,Trade_Reports!$H$3:$H$502,$A87,Trade_Reports!$M$3:$M$502,"APPROVED",Trade_Reports!$Q$3:$Q$502,"<="&Settings!$B$5)) | R87: =IF($A87="","",IF($Q87=0,"",IFERROR(_xludf.MINIFS(Trade_Reports!$I$3:$I$502,Trade_Reports!$H$3:$H$502,$A87,Trade_Reports!$M$3:$M$502,"APPROVED",Trade_Reports!$Q$3:$Q$502,"<="&Settings!$B$5,Trade_Reports!$X$3:$X$502,">="&0.5*$Q87),""))) | S87: =IF($A87="","",COUNTIFS(Trade_Reports!$H$3:$H$502,$A87,Trade_Reports!$M$3:$M$502,"APPROVED",Trade_Reports!$Q$3:$Q$502,"<="&Settings!$B$5)) | V87: =IF(OR($A87="",ISERROR(SEARCH("_",$A87))),"",IFERROR(SUMIFS(Trade_Reports!$Z$3:$Z$502,Trade_Reports!$H$3:$H$502,$A87,Trade_Reports!$M$3:$M$502,"APPROVED")/SUMIFS(Trade_Reports!$U$3:$U$502,Trade_Reports!$H$3:$H$502,$A87,Trade_Reports!$M$3:$M$502,"APPROVED"),"")) | W87: =IF($V87="","",IF($V87<1.75,"LOW",IF($V87<2.5,"MID","HIGH")))
F88: =IF($A88="","",IF($K88<Settings!$B$14,"",IF($P88=0,"",IFERROR(_xludf.MINIFS(Trade_Reports!$I$3:$I$502,Trade_Reports!$H$3:$H$502,$A88,Trade_Reports!$M$3:$M$502,"APPROVED",Trade_Reports!$Q$3:$Q$502,"<="&Settings!$B$4,Trade_Reports!$W$3:$W$502,">="&0.5*$P88),"")))) | G88: =IF($A88="","",IF($K88=0,"",IFERROR(_xludf.MINIFS(Trade_Reports!$I$3:$I$502,Trade_Reports!$H$3:$H$502,$A88,Trade_Reports!$M$3:$M$502,"APPROVED",Trade_Reports!$Q$3:$Q$502,"<="&Settings!$B$4),""))) | H88: =IF($A88="","",IF($K88=0,"",IFERROR(_xludf.MAXIFS(Trade_Reports!$I$3:$I$502,Trade_Reports!$H$3:$H$502,$A88,Trade_Reports!$M$3:$M$502,"APPROVED",Trade_Reports!$Q$3:$Q$502,"<="&Settings!$B$4),""))) | I88: =IF($A88="","",IF($F88="","",IF($Q88="","",IF(ABS($F88-$Q88)/$Q88<=Settings!$B$18,"STABLE",IF($F88>$Q88,"UP","DOWN"))))) | J88: =IF($A88="","",IF($K88=0,"",MIN(100,ROUND($K88/Settings!$B$14*100,0)))) | K88: =IF($A88="","",COUNTIFS(Trade_Reports!$H$3:$H$502,$A88,Trade_Reports!$M$3:$M$502,"APPROVED",Trade_Reports!$Q$3:$Q$502,"<="&Settings!$B$4)) | L88: =IF($A88="","",IF($K88=0,"",IFERROR(_xludf.MAXIFS(Trade_Reports!$O$3:$O$502,Trade_Reports!$H$3:$H$502,$A88,Trade_Reports!$M$3:$M$502,"APPROVED"),""))) | M88: NO | O88: =IF(OR($A88="",ISERROR(SEARCH("_",$A88))),"", $W88) | P88: =IF($A88="","",SUMIFS(Trade_Reports!$U$3:$U$502,Trade_Reports!$H$3:$H$502,$A88,Trade_Reports!$M$3:$M$502,"APPROVED",Trade_Reports!$Q$3:$Q$502,"<="&Settings!$B$4)) | Q88: =IF($A88="","",SUMIFS(Trade_Reports!$U$3:$U$502,Trade_Reports!$H$3:$H$502,$A88,Trade_Reports!$M$3:$M$502,"APPROVED",Trade_Reports!$Q$3:$Q$502,"<="&Settings!$B$5)) | R88: =IF($A88="","",IF($Q88=0,"",IFERROR(_xludf.MINIFS(Trade_Reports!$I$3:$I$502,Trade_Reports!$H$3:$H$502,$A88,Trade_Reports!$M$3:$M$502,"APPROVED",Trade_Reports!$Q$3:$Q$502,"<="&Settings!$B$5,Trade_Reports!$X$3:$X$502,">="&0.5*$Q88),""))) | S88: =IF($A88="","",COUNTIFS(Trade_Reports!$H$3:$H$502,$A88,Trade_Reports!$M$3:$M$502,"APPROVED",Trade_Reports!$Q$3:$Q$502,"<="&Settings!$B$5)) | V88: =IF(OR($A88="",ISERROR(SEARCH("_",$A88))),"",IFERROR(SUMIFS(Trade_Reports!$Z$3:$Z$502,Trade_Reports!$H$3:$H$502,$A88,Trade_Reports!$M$3:$M$502,"APPROVED")/SUMIFS(Trade_Reports!$U$3:$U$502,Trade_Reports!$H$3:$H$502,$A88,Trade_Reports!$M$3:$M$502,"APPROVED"),"")) | W88: =IF($V88="","",IF($V88<1.75,"LOW",IF($V88<2.5,"MID","HIGH")))
F89: =IF($A89="","",IF($K89<Settings!$B$14,"",IF($P89=0,"",IFERROR(_xludf.MINIFS(Trade_Reports!$I$3:$I$502,Trade_Reports!$H$3:$H$502,$A89,Trade_Reports!$M$3:$M$502,"APPROVED",Trade_Reports!$Q$3:$Q$502,"<="&Settings!$B$4,Trade_Reports!$W$3:$W$502,">="&0.5*$P89),"")))) | G89: =IF($A89="","",IF($K89=0,"",IFERROR(_xludf.MINIFS(Trade_Reports!$I$3:$I$502,Trade_Reports!$H$3:$H$502,$A89,Trade_Reports!$M$3:$M$502,"APPROVED",Trade_Reports!$Q$3:$Q$502,"<="&Settings!$B$4),""))) | H89: =IF($A89="","",IF($K89=0,"",IFERROR(_xludf.MAXIFS(Trade_Reports!$I$3:$I$502,Trade_Reports!$H$3:$H$502,$A89,Trade_Reports!$M$3:$M$502,"APPROVED",Trade_Reports!$Q$3:$Q$502,"<="&Settings!$B$4),""))) | I89: =IF($A89="","",IF($F89="","",IF($Q89="","",IF(ABS($F89-$Q89)/$Q89<=Settings!$B$18,"STABLE",IF($F89>$Q89,"UP","DOWN"))))) | J89: =IF($A89="","",IF($K89=0,"",MIN(100,ROUND($K89/Settings!$B$14*100,0)))) | K89: =IF($A89="","",COUNTIFS(Trade_Reports!$H$3:$H$502,$A89,Trade_Reports!$M$3:$M$502,"APPROVED",Trade_Reports!$Q$3:$Q$502,"<="&Settings!$B$4)) | L89: =IF($A89="","",IF($K89=0,"",IFERROR(_xludf.MAXIFS(Trade_Reports!$O$3:$O$502,Trade_Reports!$H$3:$H$502,$A89,Trade_Reports!$M$3:$M$502,"APPROVED"),""))) | M89: NO | O89: =IF(OR($A89="",ISERROR(SEARCH("_",$A89))),"", $W89) | P89: =IF($A89="","",SUMIFS(Trade_Reports!$U$3:$U$502,Trade_Reports!$H$3:$H$502,$A89,Trade_Reports!$M$3:$M$502,"APPROVED",Trade_Reports!$Q$3:$Q$502,"<="&Settings!$B$4)) | Q89: =IF($A89="","",SUMIFS(Trade_Reports!$U$3:$U$502,Trade_Reports!$H$3:$H$502,$A89,Trade_Reports!$M$3:$M$502,"APPROVED",Trade_Reports!$Q$3:$Q$502,"<="&Settings!$B$5)) | R89: =IF($A89="","",IF($Q89=0,"",IFERROR(_xludf.MINIFS(Trade_Reports!$I$3:$I$502,Trade_Reports!$H$3:$H$502,$A89,Trade_Reports!$M$3:$M$502,"APPROVED",Trade_Reports!$Q$3:$Q$502,"<="&Settings!$B$5,Trade_Reports!$X$3:$X$502,">="&0.5*$Q89),""))) | S89: =IF($A89="","",COUNTIFS(Trade_Reports!$H$3:$H$502,$A89,Trade_Reports!$M$3:$M$502,"APPROVED",Trade_Reports!$Q$3:$Q$502,"<="&Settings!$B$5)) | V89: =IF(OR($A89="",ISERROR(SEARCH("_",$A89))),"",IFERROR(SUMIFS(Trade_Reports!$Z$3:$Z$502,Trade_Reports!$H$3:$H$502,$A89,Trade_Reports!$M$3:$M$502,"APPROVED")/SUMIFS(Trade_Reports!$U$3:$U$502,Trade_Reports!$H$3:$H$502,$A89,Trade_Reports!$M$3:$M$502,"APPROVED"),"")) | W89: =IF($V89="","",IF($V89<1.75,"LOW",IF($V89<2.5,"MID","HIGH")))
A90: WEAPON | F90: =IF($A90="","",IF($K90<Settings!$B$14,"",IF($P90=0,"",IFERROR(_xludf.MINIFS(Trade_Reports!$I$3:$I$502,Trade_Reports!$H$3:$H$502,$A90,Trade_Reports!$M$3:$M$502,"APPROVED",Trade_Reports!$Q$3:$Q$502,"<="&Settings!$B$4,Trade_Reports!$W$3:$W$502,">="&0.5*$P90),"")))) | G90: =IF($A90="","",IF($K90=0,"",IFERROR(_xludf.MINIFS(Trade_Reports!$I$3:$I$502,Trade_Reports!$H$3:$H$502,$A90,Trade_Reports!$M$3:$M$502,"APPROVED",Trade_Reports!$Q$3:$Q$502,"<="&Settings!$B$4),""))) | H90: =IF($A90="","",IF($K90=0,"",IFERROR(_xludf.MAXIFS(Trade_Reports!$I$3:$I$502,Trade_Reports!$H$3:$H$502,$A90,Trade_Reports!$M$3:$M$502,"APPROVED",Trade_Reports!$Q$3:$Q$502,"<="&Settings!$B$4),""))) | I90: =IF($A90="","",IF($F90="","",IF($Q90="","",IF(ABS($F90-$Q90)/$Q90<=Settings!$B$18,"STABLE",IF($F90>$Q90,"UP","DOWN"))))) | J90: =IF($A90="","",IF($K90=0,"",MIN(100,ROUND($K90/Settings!$B$14*100,0)))) | K90: =IF($A90="","",COUNTIFS(Trade_Reports!$H$3:$H$502,$A90,Trade_Reports!$M$3:$M$502,"APPROVED",Trade_Reports!$Q$3:$Q$502,"<="&Settings!$B$4)) -> 0 | L90: =IF($A90="","",IF($K90=0,"",IFERROR(_xludf.MAXIFS(Trade_Reports!$O$3:$O$502,Trade_Reports!$H$3:$H$502,$A90,Trade_Reports!$M$3:$M$502,"APPROVED"),""))) | M90: NO | O90: =IF(OR($A90="",ISERROR(SEARCH("_",$A90))),"", $W90) | P90: =IF($A90="","",SUMIFS(Trade_Reports!$U$3:$U$502,Trade_Reports!$H$3:$H$502,$A90,Trade_Reports!$M$3:$M$502,"APPROVED",Trade_Reports!$Q$3:$Q$502,"<="&Settings!$B$4)) -> 0 | Q90: =IF($A90="","",SUMIFS(Trade_Reports!$U$3:$U$502,Trade_Reports!$H$3:$H$502,$A90,Trade_Reports!$M$3:$M$502,"APPROVED",Trade_Reports!$Q$3:$Q$502,"<="&Settings!$B$5)) -> 0 | R90: =IF($A90="","",IF($Q90=0,"",IFERROR(_xludf.MINIFS(Trade_Reports!$I$3:$I$502,Trade_Reports!$H$3:$H$502,$A90,Trade_Reports!$M$3:$M$502,"APPROVED",Trade_Reports!$Q$3:$Q$502,"<="&Settings!$B$5,Trade_Reports!$X$3:$X$502,">="&0.5*$Q90),""))) | S90: =IF($A90="","",COUNTIFS(Trade_Reports!$H$3:$H$502,$A90,Trade_Reports!$M$3:$M$502,"APPROVED",Trade_Reports!$Q$3:$Q$502,"<="&Settings!$B$5)) -> 0 | V90: =IF(OR($A90="",ISERROR(SEARCH("_",$A90))),"",IFERROR(SUMIFS(Trade_Reports!$Z$3:$Z$502,Trade_Reports!$H$3:$H$502,$A90,Trade_Reports!$M$3:$M$502,"APPROVED")/SUMIFS(Trade_Reports!$U$3:$U$502,Trade_Reports!$H$3:$H$502,$A90,Trade_Reports!$M$3:$M$502,"APPROVED"),"")) | W90: =IF($V90="","",IF($V90<1.75,"LOW",IF($V90<2.5,"MID","HIGH")))
A91: WEAPON_SOUL_CLEAVER | F91: =IF($A91="","",IF($K91<Settings!$B$14,"",IF($P91=0,"",IFERROR(_xludf.MINIFS(Trade_Reports!$I$3:$I$502,Trade_Reports!$H$3:$H$502,$A91,Trade_Reports!$M$3:$M$502,"APPROVED",Trade_Reports!$Q$3:$Q$502,"<="&Settings!$B$4,Trade_Reports!$W$3:$W$502,">="&0.5*$P91),"")))) | G91: =IF($A91="","",IF($K91=0,"",IFERROR(_xludf.MINIFS(Trade_Reports!$I$3:$I$502,Trade_Reports!$H$3:$H$502,$A91,Trade_Reports!$M$3:$M$502,"APPROVED",Trade_Reports!$Q$3:$Q$502,"<="&Settings!$B$4),""))) | H91: =IF($A91="","",IF($K91=0,"",IFERROR(_xludf.MAXIFS(Trade_Reports!$I$3:$I$502,Trade_Reports!$H$3:$H$502,$A91,Trade_Reports!$M$3:$M$502,"APPROVED",Trade_Reports!$Q$3:$Q$502,"<="&Settings!$B$4),""))) | I91: =IF($A91="","",IF($F91="","",IF($Q91="","",IF(ABS($F91-$Q91)/$Q91<=Settings!$B$18,"STABLE",IF($F91>$Q91,"UP","DOWN"))))) | J91: =IF($A91="","",IF($K91=0,"",MIN(100,ROUND($K91/Settings!$B$14*100,0)))) | K91: =IF($A91="","",COUNTIFS(Trade_Reports!$H$3:$H$502,$A91,Trade_Reports!$M$3:$M$502,"APPROVED",Trade_Reports!$Q$3:$Q$502,"<="&Settings!$B$4)) -> 0 | L91: =IF($A91="","",IF($K91=0,"",IFERROR(_xludf.MAXIFS(Trade_Reports!$O$3:$O$502,Trade_Reports!$H$3:$H$502,$A91,Trade_Reports!$M$3:$M$502,"APPROVED"),""))) | M91: NO | O91: =IF(OR($A91="",ISERROR(SEARCH("_",$A91))),"", $W91) | P91: =IF($A91="","",SUMIFS(Trade_Reports!$U$3:$U$502,Trade_Reports!$H$3:$H$502,$A91,Trade_Reports!$M$3:$M$502,"APPROVED",Trade_Reports!$Q$3:$Q$502,"<="&Settings!$B$4)) -> 0 | Q91: =IF($A91="","",SUMIFS(Trade_Reports!$U$3:$U$502,Trade_Reports!$H$3:$H$502,$A91,Trade_Reports!$M$3:$M$502,"APPROVED",Trade_Reports!$Q$3:$Q$502,"<="&Settings!$B$5)) -> 0 | R91: =IF($A91="","",IF($Q91=0,"",IFERROR(_xludf.MINIFS(Trade_Reports!$I$3:$I$502,Trade_Reports!$H$3:$H$502,$A91,Trade_Reports!$M$3:$M$502,"APPROVED",Trade_Reports!$Q$3:$Q$502,"<="&Settings!$B$5,Trade_Reports!$X$3:$X$502,">="&0.5*$Q91),""))) | S91: =IF($A91="","",COUNTIFS(Trade_Reports!$H$3:$H$502,$A91,Trade_Reports!$M$3:$M$502,"APPROVED",Trade_Reports!$Q$3:$Q$502,"<="&Settings!$B$5)) -> 0 | V91: =IF(OR($A91="",ISERROR(SEARCH("_",$A91))),"",IFERROR(SUMIFS(Trade_Reports!$Z$3:$Z$502,Trade_Reports!$H$3:$H$502,$A91,Trade_Reports!$M$3:$M$502,"APPROVED")/SUMIFS(Trade_Reports!$U$3:$U$502,Trade_Reports!$H$3:$H$502,$A91,Trade_Reports!$M$3:$M$502,"APPROVED"),"")) | W91: =IF($V91="","",IF($V91<1.75,"LOW",IF($V91<2.5,"MID","HIGH")))
A92: WEAPON_JITTE | F92: =IF($A92="","",IF($K92<Settings!$B$14,"",IF($P92=0,"",IFERROR(_xludf.MINIFS(Trade_Reports!$I$3:$I$502,Trade_Reports!$H$3:$H$502,$A92,Trade_Reports!$M$3:$M$502,"APPROVED",Trade_Reports!$Q$3:$Q$502,"<="&Settings!$B$4,Trade_Reports!$W$3:$W$502,">="&0.5*$P92),"")))) | G92: =IF($A92="","",IF($K92=0,"",IFERROR(_xludf.MINIFS(Trade_Reports!$I$3:$I$502,Trade_Reports!$H$3:$H$502,$A92,Trade_Reports!$M$3:$M$502,"APPROVED",Trade_Reports!$Q$3:$Q$502,"<="&Settings!$B$4),""))) | H92: =IF($A92="","",IF($K92=0,"",IFERROR(_xludf.MAXIFS(Trade_Reports!$I$3:$I$502,Trade_Reports!$H$3:$H$502,$A92,Trade_Reports!$M$3:$M$502,"APPROVED",Trade_Reports!$Q$3:$Q$502,"<="&Settings!$B$4),""))) | I92: =IF($A92="","",IF($F92="","",IF($Q92="","",IF(ABS($F92-$Q92)/$Q92<=Settings!$B$18,"STABLE",IF($F92>$Q92,"UP","DOWN"))))) | J92: =IF($A92="","",IF($K92=0,"",MIN(100,ROUND($K92/Settings!$B$14*100,0)))) | K92: =IF($A92="","",COUNTIFS(Trade_Reports!$H$3:$H$502,$A92,Trade_Reports!$M$3:$M$502,"APPROVED",Trade_Reports!$Q$3:$Q$502,"<="&Settings!$B$4)) -> 0 | L92: =IF($A92="","",IF($K92=0,"",IFERROR(_xludf.MAXIFS(Trade_Reports!$O$3:$O$502,Trade_Reports!$H$3:$H$502,$A92,Trade_Reports!$M$3:$M$502,"APPROVED"),""))) | M92: NO | O92: =IF(OR($A92="",ISERROR(SEARCH("_",$A92))),"", $W92) | P92: =IF($A92="","",SUMIFS(Trade_Reports!$U$3:$U$502,Trade_Reports!$H$3:$H$502,$A92,Trade_Reports!$M$3:$M$502,"APPROVED",Trade_Reports!$Q$3:$Q$502,"<="&Settings!$B$4)) -> 0 | Q92: =IF($A92="","",SUMIFS(Trade_Reports!$U$3:$U$502,Trade_Reports!$H$3:$H$502,$A92,Trade_Reports!$M$3:$M$502,"APPROVED",Trade_Reports!$Q$3:$Q$502,"<="&Settings!$B$5)) -> 0 | R92: =IF($A92="","",IF($Q92=0,"",IFERROR(_xludf.MINIFS(Trade_Reports!$I$3:$I$502,Trade_Reports!$H$3:$H$502,$A92,Trade_Reports!$M$3:$M$502,"APPROVED",Trade_Reports!$Q$3:$Q$502,"<="&Settings!$B$5,Trade_Reports!$X$3:$X$502,">="&0.5*$Q92),""))) | S92: =IF($A92="","",COUNTIFS(Trade_Reports!$H$3:$H$502,$A92,Trade_Reports!$M$3:$M$502,"APPROVED",Trade_Reports!$Q$3:$Q$502,"<="&Settings!$B$5)) -> 0 | V92: =IF(OR($A92="",ISERROR(SEARCH("_",$A92))),"",IFERROR(SUMIFS(Trade_Reports!$Z$3:$Z$502,Trade_Reports!$H$3:$H$502,$A92,Trade_Reports!$M$3:$M$502,"APPROVED")/SUMIFS(Trade_Reports!$U$3:$U$502,Trade_Reports!$H$3:$H$502,$A92,Trade_Reports!$M$3:$M$502,"APPROVED"),"")) | W92: =IF($V92="","",IF($V92<1.75,"LOW",IF($V92<2.5,"MID","HIGH")))
A93: WEAPON_GOLDEN_HOOK | F93: =IF($A93="","",IF($K93<Settings!$B$14,"",IF($P93=0,"",IFERROR(_xludf.MINIFS(Trade_Reports!$I$3:$I$502,Trade_Reports!$H$3:$H$502,$A93,Trade_Reports!$M$3:$M$502,"APPROVED",Trade_Reports!$Q$3:$Q$502,"<="&Settings!$B$4,Trade_Reports!$W$3:$W$502,">="&0.5*$P93),"")))) | G93: =IF($A93="","",IF($K93=0,"",IFERROR(_xludf.MINIFS(Trade_Reports!$I$3:$I$502,Trade_Reports!$H$3:$H$502,$A93,Trade_Reports!$M$3:$M$502,"APPROVED",Trade_Reports!$Q$3:$Q$502,"<="&Settings!$B$4),""))) | H93: =IF($A93="","",IF($K93=0,"",IFERROR(_xludf.MAXIFS(Trade_Reports!$I$3:$I$502,Trade_Reports!$H$3:$H$502,$A93,Trade_Reports!$M$3:$M$502,"APPROVED",Trade_Reports!$Q$3:$Q$502,"<="&Settings!$B$4),""))) | I93: =IF($A93="","",IF($F93="","",IF($Q93="","",IF(ABS($F93-$Q93)/$Q93<=Settings!$B$18,"STABLE",IF($F93>$Q93,"UP","DOWN"))))) | J93: =IF($A93="","",IF($K93=0,"",MIN(100,ROUND($K93/Settings!$B$14*100,0)))) | K93: =IF($A93="","",COUNTIFS(Trade_Reports!$H$3:$H$502,$A93,Trade_Reports!$M$3:$M$502,"APPROVED",Trade_Reports!$Q$3:$Q$502,"<="&Settings!$B$4)) -> 0 | L93: =IF($A93="","",IF($K93=0,"",IFERROR(_xludf.MAXIFS(Trade_Reports!$O$3:$O$502,Trade_Reports!$H$3:$H$502,$A93,Trade_Reports!$M$3:$M$502,"APPROVED"),""))) | M93: NO | O93: =IF(OR($A93="",ISERROR(SEARCH("_",$A93))),"", $W93) | P93: =IF($A93="","",SUMIFS(Trade_Reports!$U$3:$U$502,Trade_Reports!$H$3:$H$502,$A93,Trade_Reports!$M$3:$M$502,"APPROVED",Trade_Reports!$Q$3:$Q$502,"<="&Settings!$B$4)) -> 0 | Q93: =IF($A93="","",SUMIFS(Trade_Reports!$U$3:$U$502,Trade_Reports!$H$3:$H$502,$A93,Trade_Reports!$M$3:$M$502,"APPROVED",Trade_Reports!$Q$3:$Q$502,"<="&Settings!$B$5)) -> 0 | R93: =IF($A93="","",IF($Q93=0,"",IFERROR(_xludf.MINIFS(Trade_Reports!$I$3:$I$502,Trade_Reports!$H$3:$H$502,$A93,Trade_Reports!$M$3:$M$502,"APPROVED",Trade_Reports!$Q$3:$Q$502,"<="&Settings!$B$5,Trade_Reports!$X$3:$X$502,">="&0.5*$Q93),""))) | S93: =IF($A93="","",COUNTIFS(Trade_Reports!$H$3:$H$502,$A93,Trade_Reports!$M$3:$M$502,"APPROVED",Trade_Reports!$Q$3:$Q$502,"<="&Settings!$B$5)) -> 0 | V93: =IF(OR($A93="",ISERROR(SEARCH("_",$A93))),"",IFERROR(SUMIFS(Trade_Reports!$Z$3:$Z$502,Trade_Reports!$H$3:$H$502,$A93,Trade_Reports!$M$3:$M$502,"APPROVED")/SUMIFS(Trade_Reports!$U$3:$U$502,Trade_Reports!$H$3:$H$502,$A93,Trade_Reports!$M$3:$M$502,"APPROVED"),"")) | W93: =IF($V93="","",IF($V93<1.75,"LOW",IF($V93<2.5,"MID","HIGH")))
A94: WEAPON_BISENTO | F94: =IF($A94="","",IF($K94<Settings!$B$14,"",IF($P94=0,"",IFERROR(_xludf.MINIFS(Trade_Reports!$I$3:$I$502,Trade_Reports!$H$3:$H$502,$A94,Trade_Reports!$M$3:$M$502,"APPROVED",Trade_Reports!$Q$3:$Q$502,"<="&Settings!$B$4,Trade_Reports!$W$3:$W$502,">="&0.5*$P94),"")))) | G94: =IF($A94="","",IF($K94=0,"",IFERROR(_xludf.MINIFS(Trade_Reports!$I$3:$I$502,Trade_Reports!$H$3:$H$502,$A94,Trade_Reports!$M$3:$M$502,"APPROVED",Trade_Reports!$Q$3:$Q$502,"<="&Settings!$B$4),""))) | H94: =IF($A94="","",IF($K94=0,"",IFERROR(_xludf.MAXIFS(Trade_Reports!$I$3:$I$502,Trade_Reports!$H$3:$H$502,$A94,Trade_Reports!$M$3:$M$502,"APPROVED",Trade_Reports!$Q$3:$Q$502,"<="&Settings!$B$4),""))) | I94: =IF($A94="","",IF($F94="","",IF($Q94="","",IF(ABS($F94-$Q94)/$Q94<=Settings!$B$18,"STABLE",IF($F94>$Q94,"UP","DOWN"))))) | J94: =IF($A94="","",IF($K94=0,"",MIN(100,ROUND($K94/Settings!$B$14*100,0)))) -> 100 | K94: =IF($A94="","",COUNTIFS(Trade_Reports!$H$3:$H$502,$A94,Trade_Reports!$M$3:$M$502,"APPROVED",Trade_Reports!$Q$3:$Q$502,"<="&Settings!$B$4)) -> 1 | L94: =IF($A94="","",IF($K94=0,"",IFERROR(_xludf.MAXIFS(Trade_Reports!$O$3:$O$502,Trade_Reports!$H$3:$H$502,$A94,Trade_Reports!$M$3:$M$502,"APPROVED"),""))) | M94: NO | O94: =IF(OR($A94="",ISERROR(SEARCH("_",$A94))),"", $W94) -> HIGH | P94: =IF($A94="","",SUMIFS(Trade_Reports!$U$3:$U$502,Trade_Reports!$H$3:$H$502,$A94,Trade_Reports!$M$3:$M$502,"APPROVED",Trade_Reports!$Q$3:$Q$502,"<="&Settings!$B$4)) -> 1.05 | Q94: =IF($A94="","",SUMIFS(Trade_Reports!$U$3:$U$502,Trade_Reports!$H$3:$H$502,$A94,Trade_Reports!$M$3:$M$502,"APPROVED",Trade_Reports!$Q$3:$Q$502,"<="&Settings!$B$5)) -> 1.95 | R94: =IF($A94="","",IF($Q94=0,"",IFERROR(_xludf.MINIFS(Trade_Reports!$I$3:$I$502,Trade_Reports!$H$3:$H$502,$A94,Trade_Reports!$M$3:$M$502,"APPROVED",Trade_Reports!$Q$3:$Q$502,"<="&Settings!$B$5,Trade_Reports!$X$3:$X$502,">="&0.5*$Q94),""))) | S94: =IF($A94="","",COUNTIFS(Trade_Reports!$H$3:$H$502,$A94,Trade_Reports!$M$3:$M$502,"APPROVED",Trade_Reports!$Q$3:$Q$502,"<="&Settings!$B$5)) -> 2 | V94: =IF(OR($A94="",ISERROR(SEARCH("_",$A94))),"",IFERROR(SUMIFS(Trade_Reports!$Z$3:$Z$502,Trade_Reports!$H$3:$H$502,$A94,Trade_Reports!$M$3:$M$502,"APPROVED")/SUMIFS(Trade_Reports!$U$3:$U$502,Trade_Reports!$H$3:$H$502,$A94,Trade_Reports!$M$3:$M$502,"APPROVED"),"")) -> 3 | W94: =IF($V94="","",IF($V94<1.75,"LOW",IF($V94<2.5,"MID","HIGH"))) -> HIGH
A95: WEAPON_GRAVITY_CANE | F95: =IF($A95="","",IF($K95<Settings!$B$14,"",IF($P95=0,"",IFERROR(_xludf.MINIFS(Trade_Reports!$I$3:$I$502,Trade_Reports!$H$3:$H$502,$A95,Trade_Reports!$M$3:$M$502,"APPROVED",Trade_Reports!$Q$3:$Q$502,"<="&Settings!$B$4,Trade_Reports!$W$3:$W$502,">="&0.5*$P95),"")))) | G95: =IF($A95="","",IF($K95=0,"",IFERROR(_xludf.MINIFS(Trade_Reports!$I$3:$I$502,Trade_Reports!$H$3:$H$502,$A95,Trade_Reports!$M$3:$M$502,"APPROVED",Trade_Reports!$Q$3:$Q$502,"<="&Settings!$B$4),""))) | H95: =IF($A95="","",IF($K95=0,"",IFERROR(_xludf.MAXIFS(Trade_Reports!$I$3:$I$502,Trade_Reports!$H$3:$H$502,$A95,Trade_Reports!$M$3:$M$502,"APPROVED",Trade_Reports!$Q$3:$Q$502,"<="&Settings!$B$4),""))) | I95: =IF($A95="","",IF($F95="","",IF($Q95="","",IF(ABS($F95-$Q95)/$Q95<=Settings!$B$18,"STABLE",IF($F95>$Q95,"UP","DOWN"))))) | J95: =IF($A95="","",IF($K95=0,"",MIN(100,ROUND($K95/Settings!$B$14*100,0)))) | K95: =IF($A95="","",COUNTIFS(Trade_Reports!$H$3:$H$502,$A95,Trade_Reports!$M$3:$M$502,"APPROVED",Trade_Reports!$Q$3:$Q$502,"<="&Settings!$B$4)) -> 0 | L95: =IF($A95="","",IF($K95=0,"",IFERROR(_xludf.MAXIFS(Trade_Reports!$O$3:$O$502,Trade_Reports!$H$3:$H$502,$A95,Trade_Reports!$M$3:$M$502,"APPROVED"),""))) | M95: NO | O95: =IF(OR($A95="",ISERROR(SEARCH("_",$A95))),"", $W95) | P95: =IF($A95="","",SUMIFS(Trade_Reports!$U$3:$U$502,Trade_Reports!$H$3:$H$502,$A95,Trade_Reports!$M$3:$M$502,"APPROVED",Trade_Reports!$Q$3:$Q$502,"<="&Settings!$B$4)) -> 0 | Q95: =IF($A95="","",SUMIFS(Trade_Reports!$U$3:$U$502,Trade_Reports!$H$3:$H$502,$A95,Trade_Reports!$M$3:$M$502,"APPROVED",Trade_Reports!$Q$3:$Q$502,"<="&Settings!$B$5)) -> 0 | R95: =IF($A95="","",IF($Q95=0,"",IFERROR(_xludf.MINIFS(Trade_Reports!$I$3:$I$502,Trade_Reports!$H$3:$H$502,$A95,Trade_Reports!$M$3:$M$502,"APPROVED",Trade_Reports!$Q$3:$Q$502,"<="&Settings!$B$5,Trade_Reports!$X$3:$X$502,">="&0.5*$Q95),""))) | S95: =IF($A95="","",COUNTIFS(Trade_Reports!$H$3:$H$502,$A95,Trade_Reports!$M$3:$M$502,"APPROVED",Trade_Reports!$Q$3:$Q$502,"<="&Settings!$B$5)) -> 0 | V95: =IF(OR($A95="",ISERROR(SEARCH("_",$A95))),"",IFERROR(SUMIFS(Trade_Reports!$Z$3:$Z$502,Trade_Reports!$H$3:$H$502,$A95,Trade_Reports!$M$3:$M$502,"APPROVED")/SUMIFS(Trade_Reports!$U$3:$U$502,Trade_Reports!$H$3:$H$502,$A95,Trade_Reports!$M$3:$M$502,"APPROVED"),"")) | W95: =IF($V95="","",IF($V95<1.75,"LOW",IF($V95<2.5,"MID","HIGH")))
A96: WEAPON_M_SCISSORS | F96: =IF($A96="","",IF($K96<Settings!$B$14,"",IF($P96=0,"",IFERROR(_xludf.MINIFS(Trade_Reports!$I$3:$I$502,Trade_Reports!$H$3:$H$502,$A96,Trade_Reports!$M$3:$M$502,"APPROVED",Trade_Reports!$Q$3:$Q$502,"<="&Settings!$B$4,Trade_Reports!$W$3:$W$502,">="&0.5*$P96),"")))) | G96: =IF($A96="","",IF($K96=0,"",IFERROR(_xludf.MINIFS(Trade_Reports!$I$3:$I$502,Trade_Reports!$H$3:$H$502,$A96,Trade_Reports!$M$3:$M$502,"APPROVED",Trade_Reports!$Q$3:$Q$502,"<="&Settings!$B$4),""))) | H96: =IF($A96="","",IF($K96=0,"",IFERROR(_xludf.MAXIFS(Trade_Reports!$I$3:$I$502,Trade_Reports!$H$3:$H$502,$A96,Trade_Reports!$M$3:$M$502,"APPROVED",Trade_Reports!$Q$3:$Q$502,"<="&Settings!$B$4),""))) | I96: =IF($A96="","",IF($F96="","",IF($Q96="","",IF(ABS($F96-$Q96)/$Q96<=Settings!$B$18,"STABLE",IF($F96>$Q96,"UP","DOWN"))))) | J96: =IF($A96="","",IF($K96=0,"",MIN(100,ROUND($K96/Settings!$B$14*100,0)))) | K96: =IF($A96="","",COUNTIFS(Trade_Reports!$H$3:$H$502,$A96,Trade_Reports!$M$3:$M$502,"APPROVED",Trade_Reports!$Q$3:$Q$502,"<="&Settings!$B$4)) -> 0 | L96: =IF($A96="","",IF($K96=0,"",IFERROR(_xludf.MAXIFS(Trade_Reports!$O$3:$O$502,Trade_Reports!$H$3:$H$502,$A96,Trade_Reports!$M$3:$M$502,"APPROVED"),""))) | M96: NO | O96: =IF(OR($A96="",ISERROR(SEARCH("_",$A96))),"", $W96) | P96: =IF($A96="","",SUMIFS(Trade_Reports!$U$3:$U$502,Trade_Reports!$H$3:$H$502,$A96,Trade_Reports!$M$3:$M$502,"APPROVED",Trade_Reports!$Q$3:$Q$502,"<="&Settings!$B$4)) -> 0 | Q96: =IF($A96="","",SUMIFS(Trade_Reports!$U$3:$U$502,Trade_Reports!$H$3:$H$502,$A96,Trade_Reports!$M$3:$M$502,"APPROVED",Trade_Reports!$Q$3:$Q$502,"<="&Settings!$B$5)) -> 0 | R96: =IF($A96="","",IF($Q96=0,"",IFERROR(_xludf.MINIFS(Trade_Reports!$I$3:$I$502,Trade_Reports!$H$3:$H$502,$A96,Trade_Reports!$M$3:$M$502,"APPROVED",Trade_Reports!$Q$3:$Q$502,"<="&Settings!$B$5,Trade_Reports!$X$3:$X$502,">="&0.5*$Q96),""))) | S96: =IF($A96="","",COUNTIFS(Trade_Reports!$H$3:$H$502,$A96,Trade_Reports!$M$3:$M$502,"APPROVED",Trade_Reports!$Q$3:$Q$502,"<="&Settings!$B$5)) -> 0 | V96: =IF(OR($A96="",ISERROR(SEARCH("_",$A96))),"",IFERROR(SUMIFS(Trade_Reports!$Z$3:$Z$502,Trade_Reports!$H$3:$H$502,$A96,Trade_Reports!$M$3:$M$502,"APPROVED")/SUMIFS(Trade_Reports!$U$3:$U$502,Trade_Reports!$H$3:$H$502,$A96,Trade_Reports!$M$3:$M$502,"APPROVED"),"")) | W96: =IF($V96="","",IF($V96<1.75,"LOW",IF($V96<2.5,"MID","HIGH")))
A97: WEAPON_BORJ_GAUNTLETS | F97: =IF($A97="","",IF($K97<Settings!$B$14,"",IF($P97=0,"",IFERROR(_xludf.MINIFS(Trade_Reports!$I$3:$I$502,Trade_Reports!$H$3:$H$502,$A97,Trade_Reports!$M$3:$M$502,"APPROVED",Trade_Reports!$Q$3:$Q$502,"<="&Settings!$B$4,Trade_Reports!$W$3:$W$502,">="&0.5*$P97),"")))) | G97: =IF($A97="","",IF($K97=0,"",IFERROR(_xludf.MINIFS(Trade_Reports!$I$3:$I$502,Trade_Reports!$H$3:$H$502,$A97,Trade_Reports!$M$3:$M$502,"APPROVED",Trade_Reports!$Q$3:$Q$502,"<="&Settings!$B$4),""))) | H97: =IF($A97="","",IF($K97=0,"",IFERROR(_xludf.MAXIFS(Trade_Reports!$I$3:$I$502,Trade_Reports!$H$3:$H$502,$A97,Trade_Reports!$M$3:$M$502,"APPROVED",Trade_Reports!$Q$3:$Q$502,"<="&Settings!$B$4),""))) | I97: =IF($A97="","",IF($F97="","",IF($Q97="","",IF(ABS($F97-$Q97)/$Q97<=Settings!$B$18,"STABLE",IF($F97>$Q97,"UP","DOWN"))))) | J97: =IF($A97="","",IF($K97=0,"",MIN(100,ROUND($K97/Settings!$B$14*100,0)))) | K97: =IF($A97="","",COUNTIFS(Trade_Reports!$H$3:$H$502,$A97,Trade_Reports!$M$3:$M$502,"APPROVED",Trade_Reports!$Q$3:$Q$502,"<="&Settings!$B$4)) -> 0 | L97: =IF($A97="","",IF($K97=0,"",IFERROR(_xludf.MAXIFS(Trade_Reports!$O$3:$O$502,Trade_Reports!$H$3:$H$502,$A97,Trade_Reports!$M$3:$M$502,"APPROVED"),""))) | M97: NO | O97: =IF(OR($A97="",ISERROR(SEARCH("_",$A97))),"", $W97) | P97: =IF($A97="","",SUMIFS(Trade_Reports!$U$3:$U$502,Trade_Reports!$H$3:$H$502,$A97,Trade_Reports!$M$3:$M$502,"APPROVED",Trade_Reports!$Q$3:$Q$502,"<="&Settings!$B$4)) -> 0 | Q97: =IF($A97="","",SUMIFS(Trade_Reports!$U$3:$U$502,Trade_Reports!$H$3:$H$502,$A97,Trade_Reports!$M$3:$M$502,"APPROVED",Trade_Reports!$Q$3:$Q$502,"<="&Settings!$B$5)) -> 0 | R97: =IF($A97="","",IF($Q97=0,"",IFERROR(_xludf.MINIFS(Trade_Reports!$I$3:$I$502,Trade_Reports!$H$3:$H$502,$A97,Trade_Reports!$M$3:$M$502,"APPROVED",Trade_Reports!$Q$3:$Q$502,"<="&Settings!$B$5,Trade_Reports!$X$3:$X$502,">="&0.5*$Q97),""))) | S97: =IF($A97="","",COUNTIFS(Trade_Reports!$H$3:$H$502,$A97,Trade_Reports!$M$3:$M$502,"APPROVED",Trade_Reports!$Q$3:$Q$502,"<="&Settings!$B$5)) -> 0 | V97: =IF(OR($A97="",ISERROR(SEARCH("_",$A97))),"",IFERROR(SUMIFS(Trade_Reports!$Z$3:$Z$502,Trade_Reports!$H$3:$H$502,$A97,Trade_Reports!$M$3:$M$502,"APPROVED")/SUMIFS(Trade_Reports!$U$3:$U$502,Trade_Reports!$H$3:$H$502,$A97,Trade_Reports!$M$3:$M$502,"APPROVED"),"")) | W97: =IF($V97="","",IF($V97<1.75,"LOW",IF($V97<2.5,"MID","HIGH")))
A98: WEAPON_SHUSUI | F98: =IF($A98="","",IF($K98<Settings!$B$14,"",IF($P98=0,"",IFERROR(_xludf.MINIFS(Trade_Reports!$I$3:$I$502,Trade_Reports!$H$3:$H$502,$A98,Trade_Reports!$M$3:$M$502,"APPROVED",Trade_Reports!$Q$3:$Q$502,"<="&Settings!$B$4,Trade_Reports!$W$3:$W$502,">="&0.5*$P98),"")))) | G98: =IF($A98="","",IF($K98=0,"",IFERROR(_xludf.MINIFS(Trade_Reports!$I$3:$I$502,Trade_Reports!$H$3:$H$502,$A98,Trade_Reports!$M$3:$M$502,"APPROVED",Trade_Reports!$Q$3:$Q$502,"<="&Settings!$B$4),""))) | H98: =IF($A98="","",IF($K98=0,"",IFERROR(_xludf.MAXIFS(Trade_Reports!$I$3:$I$502,Trade_Reports!$H$3:$H$502,$A98,Trade_Reports!$M$3:$M$502,"APPROVED",Trade_Reports!$Q$3:$Q$502,"<="&Settings!$B$4),""))) | I98: =IF($A98="","",IF($F98="","",IF($Q98="","",IF(ABS($F98-$Q98)/$Q98<=Settings!$B$18,"STABLE",IF($F98>$Q98,"UP","DOWN"))))) | J98: =IF($A98="","",IF($K98=0,"",MIN(100,ROUND($K98/Settings!$B$14*100,0)))) | K98: =IF($A98="","",COUNTIFS(Trade_Reports!$H$3:$H$502,$A98,Trade_Reports!$M$3:$M$502,"APPROVED",Trade_Reports!$Q$3:$Q$502,"<="&Settings!$B$4)) -> 0 | L98: =IF($A98="","",IF($K98=0,"",IFERROR(_xludf.MAXIFS(Trade_Reports!$O$3:$O$502,Trade_Reports!$H$3:$H$502,$A98,Trade_Reports!$M$3:$M$502,"APPROVED"),""))) | M98: NO | O98: =IF(OR($A98="",ISERROR(SEARCH("_",$A98))),"", $W98) | P98: =IF($A98="","",SUMIFS(Trade_Reports!$U$3:$U$502,Trade_Reports!$H$3:$H$502,$A98,Trade_Reports!$M$3:$M$502,"APPROVED",Trade_Reports!$Q$3:$Q$502,"<="&Settings!$B$4)) -> 0 | Q98: =IF($A98="","",SUMIFS(Trade_Reports!$U$3:$U$502,Trade_Reports!$H$3:$H$502,$A98,Trade_Reports!$M$3:$M$502,"APPROVED",Trade_Reports!$Q$3:$Q$502,"<="&Settings!$B$5)) -> 0 | R98: =IF($A98="","",IF($Q98=0,"",IFERROR(_xludf.MINIFS(Trade_Reports!$I$3:$I$502,Trade_Reports!$H$3:$H$502,$A98,Trade_Reports!$M$3:$M$502,"APPROVED",Trade_Reports!$Q$3:$Q$502,"<="&Settings!$B$5,Trade_Reports!$X$3:$X$502,">="&0.5*$Q98),""))) | S98: =IF($A98="","",COUNTIFS(Trade_Reports!$H$3:$H$502,$A98,Trade_Reports!$M$3:$M$502,"APPROVED",Trade_Reports!$Q$3:$Q$502,"<="&Settings!$B$5)) -> 0 | V98: =IF(OR($A98="",ISERROR(SEARCH("_",$A98))),"",IFERROR(SUMIFS(Trade_Reports!$Z$3:$Z$502,Trade_Reports!$H$3:$H$502,$A98,Trade_Reports!$M$3:$M$502,"APPROVED")/SUMIFS(Trade_Reports!$U$3:$U$502,Trade_Reports!$H$3:$H$502,$A98,Trade_Reports!$M$3:$M$502,"APPROVED"),"")) | W98: =IF($V98="","",IF($V98<1.75,"LOW",IF($V98<2.5,"MID","HIGH")))
A99: WEAPON_CRAB_CUTLASS | F99: =IF($A99="","",IF($K99<Settings!$B$14,"",IF($P99=0,"",IFERROR(_xludf.MINIFS(Trade_Reports!$I$3:$I$502,Trade_Reports!$H$3:$H$502,$A99,Trade_Reports!$M$3:$M$502,"APPROVED",Trade_Reports!$Q$3:$Q$502,"<="&Settings!$B$4,Trade_Reports!$W$3:$W$502,">="&0.5*$P99),"")))) | G99: =IF($A99="","",IF($K99=0,"",IFERROR(_xludf.MINIFS(Trade_Reports!$I$3:$I$502,Trade_Reports!$H$3:$H$502,$A99,Trade_Reports!$M$3:$M$502,"APPROVED",Trade_Reports!$Q$3:$Q$502,"<="&Settings!$B$4),""))) | H99: =IF($A99="","",IF($K99=0,"",IFERROR(_xludf.MAXIFS(Trade_Reports!$I$3:$I$502,Trade_Reports!$H$3:$H$502,$A99,Trade_Reports!$M$3:$M$502,"APPROVED",Trade_Reports!$Q$3:$Q$502,"<="&Settings!$B$4),""))) | I99: =IF($A99="","",IF($F99="","",IF($Q99="","",IF(ABS($F99-$Q99)/$Q99<=Settings!$B$18,"STABLE",IF($F99>$Q99,"UP","DOWN"))))) | J99: =IF($A99="","",IF($K99=0,"",MIN(100,ROUND($K99/Settings!$B$14*100,0)))) | K99: =IF($A99="","",COUNTIFS(Trade_Reports!$H$3:$H$502,$A99,Trade_Reports!$M$3:$M$502,"APPROVED",Trade_Reports!$Q$3:$Q$502,"<="&Settings!$B$4)) -> 0 | L99: =IF($A99="","",IF($K99=0,"",IFERROR(_xludf.MAXIFS(Trade_Reports!$O$3:$O$502,Trade_Reports!$H$3:$H$502,$A99,Trade_Reports!$M$3:$M$502,"APPROVED"),""))) | M99: NO | O99: =IF(OR($A99="",ISERROR(SEARCH("_",$A99))),"", $W99) | P99: =IF($A99="","",SUMIFS(Trade_Reports!$U$3:$U$502,Trade_Reports!$H$3:$H$502,$A99,Trade_Reports!$M$3:$M$502,"APPROVED",Trade_Reports!$Q$3:$Q$502,"<="&Settings!$B$4)) -> 0 | Q99: =IF($A99="","",SUMIFS(Trade_Reports!$U$3:$U$502,Trade_Reports!$H$3:$H$502,$A99,Trade_Reports!$M$3:$M$502,"APPROVED",Trade_Reports!$Q$3:$Q$502,"<="&Settings!$B$5)) -> 0 | R99: =IF($A99="","",IF($Q99=0,"",IFERROR(_xludf.MINIFS(Trade_Reports!$I$3:$I$502,Trade_Reports!$H$3:$H$502,$A99,Trade_Reports!$M$3:$M$502,"APPROVED",Trade_Reports!$Q$3:$Q$502,"<="&Settings!$B$5,Trade_Reports!$X$3:$X$502,">="&0.5*$Q99),""))) | S99: =IF($A99="","",COUNTIFS(Trade_Reports!$H$3:$H$502,$A99,Trade_Reports!$M$3:$M$502,"APPROVED",Trade_Reports!$Q$3:$Q$502,"<="&Settings!$B$5)) -> 0 | V99: =IF(OR($A99="",ISERROR(SEARCH("_",$A99))),"",IFERROR(SUMIFS(Trade_Reports!$Z$3:$Z$502,Trade_Reports!$H$3:$H$502,$A99,Trade_Reports!$M$3:$M$502,"APPROVED")/SUMIFS(Trade_Reports!$U$3:$U$502,Trade_Reports!$H$3:$H$502,$A99,Trade_Reports!$M$3:$M$502,"APPROVED"),"")) | W99: =IF($V99="","",IF($V99<1.75,"LOW",IF($V99<2.5,"MID","HIGH")))
A100: WEAPON_GOLDEN_POLE | F100: =IF($A100="","",IF($K100<Settings!$B$14,"",IF($P100=0,"",IFERROR(_xludf.MINIFS(Trade_Reports!$I$3:$I$502,Trade_Reports!$H$3:$H$502,$A100,Trade_Reports!$M$3:$M$502,"APPROVED",Trade_Reports!$Q$3:$Q$502,"<="&Settings!$B$4,Trade_Reports!$W$3:$W$502,">="&0.5*$P100),"")))) | G100: =IF($A100="","",IF($K100=0,"",IFERROR(_xludf.MINIFS(Trade_Reports!$I$3:$I$502,Trade_Reports!$H$3:$H$502,$A100,Trade_Reports!$M$3:$M$502,"APPROVED",Trade_Reports!$Q$3:$Q$502,"<="&Settings!$B$4),""))) | H100: =IF($A100="","",IF($K100=0,"",IFERROR(_xludf.MAXIFS(Trade_Reports!$I$3:$I$502,Trade_Reports!$H$3:$H$502,$A100,Trade_Reports!$M$3:$M$502,"APPROVED",Trade_Reports!$Q$3:$Q$502,"<="&Settings!$B$4),""))) | I100: =IF($A100="","",IF($F100="","",IF($Q100="","",IF(ABS($F100-$Q100)/$Q100<=Settings!$B$18,"STABLE",IF($F100>$Q100,"UP","DOWN"))))) | J100: =IF($A100="","",IF($K100=0,"",MIN(100,ROUND($K100/Settings!$B$14*100,0)))) | K100: =IF($A100="","",COUNTIFS(Trade_Reports!$H$3:$H$502,$A100,Trade_Reports!$M$3:$M$502,"APPROVED",Trade_Reports!$Q$3:$Q$502,"<="&Settings!$B$4)) -> 0 | L100: =IF($A100="","",IF($K100=0,"",IFERROR(_xludf.MAXIFS(Trade_Reports!$O$3:$O$502,Trade_Reports!$H$3:$H$502,$A100,Trade_Reports!$M$3:$M$502,"APPROVED"),""))) | M100: NO | O100: =IF(OR($A100="",ISERROR(SEARCH("_",$A100))),"", $W100) | P100: =IF($A100="","",SUMIFS(Trade_Reports!$U$3:$U$502,Trade_Reports!$H$3:$H$502,$A100,Trade_Reports!$M$3:$M$502,"APPROVED",Trade_Reports!$Q$3:$Q$502,"<="&Settings!$B$4)) -> 0 | Q100: =IF($A100="","",SUMIFS(Trade_Reports!$U$3:$U$502,Trade_Reports!$H$3:$H$502,$A100,Trade_Reports!$M$3:$M$502,"APPROVED",Trade_Reports!$Q$3:$Q$502,"<="&Settings!$B$5)) -> 0 | R100: =IF($A100="","",IF($Q100=0,"",IFERROR(_xludf.MINIFS(Trade_Reports!$I$3:$I$502,Trade_Reports!$H$3:$H$502,$A100,Trade_Reports!$M$3:$M$502,"APPROVED",Trade_Reports!$Q$3:$Q$502,"<="&Settings!$B$5,Trade_Reports!$X$3:$X$502,">="&0.5*$Q100),""))) | S100: =IF($A100="","",COUNTIFS(Trade_Reports!$H$3:$H$502,$A100,Trade_Reports!$M$3:$M$502,"APPROVED",Trade_Reports!$Q$3:$Q$502,"<="&Settings!$B$5)) -> 0 | V100: =IF(OR($A100="",ISERROR(SEARCH("_",$A100))),"",IFERROR(SUMIFS(Trade_Reports!$Z$3:$Z$502,Trade_Reports!$H$3:$H$502,$A100,Trade_Reports!$M$3:$M$502,"APPROVED")/SUMIFS(Trade_Reports!$U$3:$U$502,Trade_Reports!$H$3:$H$502,$A100,Trade_Reports!$M$3:$M$502,"APPROVED"),"")) | W100: =IF($V100="","",IF($V100<1.75,"LOW",IF($V100<2.5,"MID","HIGH")))
A101: WEAPON_NEPTUNE'S TRIDENT | F101: =IF($A101="","",IF($K101<Settings!$B$14,"",IF($P101=0,"",IFERROR(_xludf.MINIFS(Trade_Reports!$I$3:$I$502,Trade_Reports!$H$3:$H$502,$A101,Trade_Reports!$M$3:$M$502,"APPROVED",Trade_Reports!$Q$3:$Q$502,"<="&Settings!$B$4,Trade_Reports!$W$3:$W$502,">="&0.5*$P101),"")))) | G101: =IF($A101="","",IF($K101=0,"",IFERROR(_xludf.MINIFS(Trade_Reports!$I$3:$I$502,Trade_Reports!$H$3:$H$502,$A101,Trade_Reports!$M$3:$M$502,"APPROVED",Trade_Reports!$Q$3:$Q$502,"<="&Settings!$B$4),""))) | H101: =IF($A101="","",IF($K101=0,"",IFERROR(_xludf.MAXIFS(Trade_Reports!$I$3:$I$502,Trade_Reports!$H$3:$H$502,$A101,Trade_Reports!$M$3:$M$502,"APPROVED",Trade_Reports!$Q$3:$Q$502,"<="&Settings!$B$4),""))) | I101: =IF($A101="","",IF($F101="","",IF($Q101="","",IF(ABS($F101-$Q101)/$Q101<=Settings!$B$18,"STABLE",IF($F101>$Q101,"UP","DOWN"))))) | J101: =IF($A101="","",IF($K101=0,"",MIN(100,ROUND($K101/Settings!$B$14*100,0)))) | K101: =IF($A101="","",COUNTIFS(Trade_Reports!$H$3:$H$502,$A101,Trade_Reports!$M$3:$M$502,"APPROVED",Trade_Reports!$Q$3:$Q$502,"<="&Settings!$B$4)) -> 0 | L101: =IF($A101="","",IF($K101=0,"",IFERROR(_xludf.MAXIFS(Trade_Reports!$O$3:$O$502,Trade_Reports!$H$3:$H$502,$A101,Trade_Reports!$M$3:$M$502,"APPROVED"),""))) | M101: NO | O101: =IF(OR($A101="",ISERROR(SEARCH("_",$A101))),"", $W101) | P101: =IF($A101="","",SUMIFS(Trade_Reports!$U$3:$U$502,Trade_Reports!$H$3:$H$502,$A101,Trade_Reports!$M$3:$M$502,"APPROVED",Trade_Reports!$Q$3:$Q$502,"<="&Settings!$B$4)) -> 0 | Q101: =IF($A101="","",SUMIFS(Trade_Reports!$U$3:$U$502,Trade_Reports!$H$3:$H$502,$A101,Trade_Reports!$M$3:$M$502,"APPROVED",Trade_Reports!$Q$3:$Q$502,"<="&Settings!$B$5)) -> 0 | R101: =IF($A101="","",IF($Q101=0,"",IFERROR(_xludf.MINIFS(Trade_Reports!$I$3:$I$502,Trade_Reports!$H$3:$H$502,$A101,Trade_Reports!$M$3:$M$502,"APPROVED",Trade_Reports!$Q$3:$Q$502,"<="&Settings!$B$5,Trade_Reports!$X$3:$X$502,">="&0.5*$Q101),""))) | S101: =IF($A101="","",COUNTIFS(Trade_Reports!$H$3:$H$502,$A101,Trade_Reports!$M$3:$M$502,"APPROVED",Trade_Reports!$Q$3:$Q$502,"<="&Settings!$B$5)) -> 0 | V101: =IF(OR($A101="",ISERROR(SEARCH("_",$A101))),"",IFERROR(SUMIFS(Trade_Reports!$Z$3:$Z$502,Trade_Reports!$H$3:$H$502,$A101,Trade_Reports!$M$3:$M$502,"APPROVED")/SUMIFS(Trade_Reports!$U$3:$U$502,Trade_Reports!$H$3:$H$502,$A101,Trade_Reports!$M$3:$M$502,"APPROVED"),"")) | W101: =IF($V101="","",IF($V101<1.75,"LOW",IF($V101<2.5,"MID","HIGH")))
